Name,Description,Size,Script: On Execute,Gadget,Slots,NEED TOTAL?,Category,Colour,Upgrade,Weaken,Alternate Status Trigger,SFX,Uses?,Cast Backwards?,Single use?,Parallel Universe,Special?,Error Immune,Show Gold,Appears For Parts,Hide Reuseable,Witch Spell,Script: Before Combat,Script: After Combat,Script: Before Start Turn,Script: On Start Turn,Script: On any equipment use,Script: On any countdown reduce,Script: End Turn,Script: Before execute,Script: On Snap,Script: On Fury
Crystal Shard,Do [sword]<triple> damage | [gray](once per prep),1,attack(d * 3);,Fury,MAX4,,MAGIC,RED,change_power,change_power,,_damage,0,NO,YES,NO,NO,NO,NO,NO,NO,2,,,,,,,,,,
Crystal Shard_upgraded,Do [sword]<triple> damage | [gray](once per prep),1,attack(d * 3);,Fury,NORMAL,,MAGIC,RED,,,,_damage,0,NO,YES,NO,NO,NO,NO,NO,NO,,,,,,,,,,,
Crystal Shard_downgraded,Do [sword]<double> damage | [gray](once per prep),1,attack(d * 2);,Fury,MAX4,,MAGIC,RED,,,,_damage,0,NO,YES,NO,NO,NO,NO,NO,NO,,,,,,,,,,,
Frame Advance,[ice]Freeze yourself,1,inflictself(ICE[;] 1);,Refrigerator,EVEN,,ITEMS,BRIGHTCYAN,change_power,complicate,,_ice,0,YES,NO,NO,NO,NO,NO,NO,NO,,,,,,,,,,,
Frame Advance_upgraded,[ice]Freeze yourself|[grey](Reuseable),1,inflictself(ICE[;] 1);,Refrigerator,EVEN,,ITEMS,BRIGHTCYAN,,,,_ice,2,YES,NO,NO,NO,NO,NO,NO,NO,,,,,,,,,,,
Jade Vault,Contains a powerful item,2,var item=actualdice[0].basevalue; if(item==1){ giveequipment(~Jade Calculator~[;]true[;]false[;]e); } if(item==2){ giveequipment(~Jade Machine~[;] true[;] false[;] e); } if(item==3){ giveequipment(~Jade Blade~[;] true[;] false[;] e); } if(item==4){ giveequipment(~Jade Skull~[;] true[;] false[;] e); } if(item==5){ giveequipment(~Jade Pendant~[;] true[;] false[;] e); } if(item==6){ giveequipment(~Jade Clock~[;] true[;] false[;] e); },Magic Six,NORMAL|NORMAL|NORMAL|NORMAL,16,MAGIC,BLACK,change_power,change_power,,useitem,0,YES,NO,NO,NO,NO,NO,NO,NO,,,,,,,,,,,e.preventdefault = true; e.maintainfury = true;
Jade Vault_upgraded,Contains a more | powerful item,2,var item=actualdice[0].basevalue; if(item==1){ giveequipment(~Jade Calculator+~[;] true[;] false[;] e); } if(item==2){ giveequipment(~Jade Machine+~[;] true[;] false[;] e); } if(item==3){ giveequipment(~Jade Blade+~[;] true[;] false[;] e); } if(item==4){ giveequipment(~Jade Skull+~[;] true[;] false[;] e); } if(item==5){ giveequipment(~Jade Pendant+~[;] true[;] false[;] e); } if(item==6){ giveequipment(~Jade Clock+~[;] true[;] false[;] e); },Magic Six,NORMAL|NORMAL|NORMAL|FREE4,16,MAGIC,BLACK,,,,useitem,0,YES,NO,NO,NO,NO,NO,NO,NO,,,,,,,,,,,e.preventdefault = true; e.maintainfury = true;
Jade Vault_downgraded,Contains a slightly less | powerful item,2,var item=actualdice[0].basevalue; if(item==1){ giveequipment(~Jade Calculator-~[;] true[;] false[;] e); } if(item==2){ giveequipment(~Jade Machine-~[;] true[;] false[;] e); } if(item==3){ giveequipment(~Jade Blade-~[;] true[;] false[;] e); } if(item==4){ giveequipment(~Jade Skull-~[;] true[;] false[;] e); } if(item==5){ giveequipment(~Jade Pendant-~[;] true[;] false[;] e); } if(item==6){ giveequipment(~Jade Clock-~[;] true[;] false[;] e); },Magic Six,NORMAL|NORMAL|NORMAL|NORMAL,21,MAGIC,BLACK,,,,useitem,0,YES,NO,NO,NO,NO,NO,NO,NO,,,,,,,,,,,e.preventdefault = true; e.maintainfury = true;
Jade Calculator,Bump unused dice[;] twice | [grey](Vault relocks after combat),2,var c = 0; var extradice = []; for (mydice in self.dicepool){ if (mydice.available()){ if (mydice.basevalue >= 5){ extradice.push(1); if(mydice.basevalue >= 6){ extradice.push(1); } mydice.animatereroll(6[;] self.screenposition()[;] c * 0.05); } else { mydice.animatereroll((mydice.basevalue + 2)[;] self.screenposition()[;] c * 0.05); } c++; } } givedice(extradice);,Megabump,NORMAL,,ITEMS,GREEN,change_power,change_power,,,0,YES,NO,YES,YES,NO,NO,NO,NO,,,giveequipment(~Jade Vault~[;] true[;] false[;] e);,if(turn == 1) { e.create(~Jade Vault~); },,,,,,,
Jade Calculator_downgraded,Bump unused dice  | [grey](Vault relocks after combat),2,var c = 0; var extradice = []; for (mydice in self.dicepool){ if (mydice.available()){ if (mydice.basevalue >= 6){ extradice.push(1); mydice.animatereroll(6[;] self.screenposition()[;] c * 0.05); } else { mydice.animatereroll((mydice.basevalue + 1)[;] self.screenposition()[;] c * 0.05); } c++; } } givedice(extradice);,Megabump,NORMAL,,ITEMS,GREEN,,,,,0,YES,NO,YES,YES,NO,NO,NO,NO,,,giveequipment(~Jade Vault+~[;] true[;] false[;] e);,if(turn == 1) { e.create(~Jade Vault~|true); },,,,,,,
Jade Calculator_upgraded,Bump unused dice twice[;]|Return this dice | [grey](Vault relocks after combat),2,var c = 0; var extradice = [d]; for (mydice in self.dicepool){ if (mydice.available()){ if (mydice.basevalue >= 5){ extradice.push(1); if(mydice.basevalue >= 6){ extradice.push(1); } mydice.animatereroll(6[;] self.screenposition()[;] c * 0.05); } else { mydice.animatereroll((mydice.basevalue + 2)[;] self.screenposition()[;] c * 0.05); } c++; } } givedice(extradice);,Megabump,NORMAL,,ITEMS,GREEN,,,,,0,YES,NO,YES,YES,NO,NO,NO,NO,,,giveequipment(~Jade Vault~[;] true[;] false[;] e);,if(turn == 1) { e.create(~Jade Vault~); },,,,,,,
Jade Machine,Duplicate dice | [grey](Vault relocks after combat),2,givedice([actualdice[0].basevalue[;]actualdice[0].basevalue[;]actualdice[1].basevalue[;]actualdice[1].basevalue]),Clone Device,NORMAL|NORMAL,,ITEMS,GREEN,change_power,change_power,,,0,YES,NO,YES,YES,NO,NO,NO,NO,,,giveequipment(~Jade Vault~[;] true[;] false[;] e);,if(turn == 1) { e.create(~Jade Vault~); },,,,,,,
Jade Machine_upgraded,Duplicate dice | [grey](Vault relocks after combat),2,givedice([actualdice[0].basevalue[;]actualdice[0].basevalue[;]actualdice[1].basevalue[;]actualdice[1].basevalue[;]actualdice[2].basevalue[;]actualdice[2].basevalue]),Clone Device,NORMAL|NORMAL|NORMAL,,ITEMS,GREEN,,,,,0,YES,NO,YES,YES,NO,NO,NO,NO,,,giveequipment(~Jade Vault+~[;] true[;] false[;] e);,if(turn == 1) { e.create(~Jade Vault~|true); },,,,,,,
Jade Machine_downgraded,Duplicate dice | [grey](Vault relocks after combat),2,givedice([actualdice[0].basevalue[;]actualdice[0].basevalue[;]actualdice[1].basevalue[;]actualdice[1].basevalue]),Clone Device,MAX3|MIN4,,ITEMS,GREEN,,,,,0,YES,NO,YES,YES,NO,NO,NO,NO,,,giveequipment(~Jade Vault~[;] true[;] false[;] e);,if(turn == 1) { e.create(~Jade Vault~); },,,,,,,
Jade Skull,[curse]Curse enemy[;] | [weaken]Weaken all equipment | [grey](Vault relocks after combat),2,inflict(WEAKEN[;]ALL); inflict(CURSE[;]1);,Dramatic Pause,COUNTDOWN,13,ITEMS,GREEN,change_countdown,change_power,weaken,_curse,0,NO,NO,NO,YES,NO,NO,NO,NO,,,giveequipment(~Jade Vault~[;] true[;] false[;] e);,if(turn == 1) { e.create(~Jade Vault~); },,,,,,,
Jade Skull_downgraded,[curse]Curse enemy | [grey](Vault relocks after combat),2,inflict(CURSE[;]1);,Dramatic Pause,COUNTDOWN,13,ITEMS,GREEN,,,,_curse,0,NO,NO,NO,YES,NO,NO,NO,NO,,,giveequipment(~Jade Vault+~[;] true[;] false[;] e);,if(turn == 1) { e.create(~Jade Vault~|true); },,,,,,,
Jade Skull_upgraded,[curse]Curse enemy[;] | [weaken]Weaken all equipment | [grey](Vault relocks after combat),2,inflict(WEAKEN[;]ALL); inflict(CURSE[;]1);,Dramatic Pause,COUNTDOWN,10,ITEMS,GREEN,,,,_curse,0,NO,NO,NO,YES,NO,NO,NO,NO,,,giveequipment(~Jade Vault~[;] true[;] false[;] e);,if(turn == 1) { e.create(~Jade Vault~); },,,,,,,
Jade Blade,Do [sword]<d6> damage [grey](Reusable) | [grey](Vault relocks after combat),2,attack(d);,Catapult,NORMAL,,WEAPON,GREEN,change_power,change_power,,_damage,-1,NO,NO,YES,YES,NO,NO,NO,YES,,,giveequipment(~Jade Vault~[;] true[;] false[;] e);,if(turn == 1) { e.create(~Jade Vault~); },,,,,,,
Jade Blade_upgraded,Do [sword]<d6> damage [grey](Reusable) | [grey](Vault relocks after combat),2,attack(d);,Catapult,NORMAL|FREE1,,WEAPON,GREEN,,,,_damage,-1,NO,NO,YES,YES,NO,NO,NO,YES,,,giveequipment(~Jade Vault+~[;] true[;] false[;] e);,if(turn == 1) { e.create(~Jade Vault~|true); },,,,,,,
Jade Blade_downgraded,Do [sword]<d6>-1 damage [grey](Reusable) | [grey](Vault relocks after combat),2,attack(d-1);,Catapult,MIN2,,WEAPON,GREEN,,,,_damage,-1,NO,NO,YES,YES,NO,NO,NO,YES,,,giveequipment(~Jade Vault~[;] true[;] false[;] e);,if(turn == 1) { e.create(~Jade Vault~); },,,,,,,
Jade Pendant,[recycle]Re-Equip[] next card[;]| gain [fury]Fury | [grey](Vault relocks after combat),2,inflictself(FURY); inflictself(REEQUIPNEXT);,Fury,DOUBLES|DOUBLES,,ITEMS,GREEN,change_power,change_power,reequipnext,_fury,0,YES,NO,NO,YES,NO,NO,NO,NO,,,giveequipment(~Jade Vault~[;] true[;] false[;] e);,if(turn == 1) { e.create(~Jade Vault~); },,,,,,,e.preventdefault = true; e.maintainfury = true;
Jade Pendant_upgraded,[recycle]Re-Equip[] next card[;]| gain [fury]Fury | [grey](Vault relocks after combat),2,inflictself(FURY); inflictself(REEQUIPNEXT);,Fury,NORMAL|NORMAL,7,ITEMS,GREEN,,,,_fury,0,YES,NO,NO,YES,NO,NO,NO,NO,,,giveequipment(~Jade Vault+~[;] true[;] false[;] e);,if(turn == 1) { e.create(~Jade Vault~|true); },,,,,,,e.preventdefault = true; e.maintainfury = true;
Jade Pendant_downgraded,Gain [fury]Fury | [grey](Vault relocks after combat),2,inflictself(FURY);,Fury,DOUBLES|DOUBLES,,ITEMS,GREEN,,,,_fury,0,YES,NO,NO,YES,NO,NO,NO,NO,,,giveequipment(~Jade Vault~[;] true[;] false[;] e);,if(turn == 1) { e.create(~Jade Vault~); },,,,,,,e.preventdefault = true; e.maintainfury = true;
Jade Pendant?,[recycle]Keep[] next dice used[;]| gain [fury]Fury | [grey](Vault relocks after combat),2,inflictself(FURY); inflictself(REEQUIPNEXT);,Fury,DOUBLES|DOUBLES,,ITEMS,GREEN,change_countdown,change_power,,_fury,0,YES,NO,YES,YES,NO,NO,NO,NO,,,giveequipment(~Jade Vault~[;] true[;] false[;] e);,if(turn == 1) { e.create(~Jade Vault~); },,,,,,,e.preventdefault = true; e.maintainfury = true;
Jade Pendant?_upgraded,[recycle]Keep[] next dice used[;]| gain [fury]Fury | [grey](Vault relocks after combat),2,inflictself(FURY); inflictself(REEQUIPNEXT);,Fury,NORMAL|NORMAL,7,ITEMS,GREEN,,,,_fury,0,YES,NO,YES,YES,NO,NO,NO,NO,,,giveequipment(~Jade Vault+~[;] true[;] false[;] e);,if(turn == 1) { e.create(~Jade Vault~|true); },,,,,,,e.preventdefault = true; e.maintainfury = true;
Jade Pendant?_downgraded,Gain [fury]Fury | [grey](Vault relocks after combat),2,inflictself(FURY);,Fury,DOUBLES|DOUBLES,,ITEMS,GREEN,,,,_fury,0,YES,NO,YES,YES,NO,NO,NO,NO,,,giveequipment(~Jade Vault~[;] true[;] false[;] e);,if(turn == 1) { e.create(~Jade Vault~); },,,,,,,e.preventdefault = true; e.maintainfury = true;
Jade Clock,Take an [confuse]Extra_Turn[][;]| relock vault | [grey](Vault relocks after combat),2,inflictself(EXTRATURN); giveequipment(~Jade Vault~[;] true[;] false[;] e);,Time Stop,COUNTDOWN,30,MAGIC,GREEN,change_countdown,change_power,,useitem,0,YES,NO,YES,YES,NO,NO,NO,NO,,,giveequipment(~Jade Vault~[;] true[;] false[;] e);,if(turn == 1) { e.create(~Jade Vault~); },,,,,,,e.preventdefault = true; e.maintainfury = true;
Jade Clock_upgraded,Take an [confuse]Extra_Turn[][;]| relock vault | [grey](Vault relocks after combat),2,inflictself(EXTRATURN); giveequipment(~Jade Vault~[;] true[;] false[;] e);,Time Stop,COUNTDOWN,25,MAGIC,GREEN,,,,useitem,0,YES,NO,YES,YES,NO,NO,NO,NO,,,giveequipment(~Jade Vault+~[;] true[;] false[;] e);,if(turn == 1) { e.create(~Jade Vault~|true); },,,,,,,e.preventdefault = true; e.maintainfury = true;
Jade Clock_downgraded,Redo this turn[;] relock vault | [grey](Vault relocks after combat),2,undoturn(); inflictself(EXTRATURN); self.endturnnow(); giveequipment(~Jade Vault~[;] true[;] false[;] e);,Time Stop,COUNTDOWN,30,MAGIC,GREEN,,,,useitem,0,YES,NO,YES,YES,NO,NO,NO,NO,,,giveequipment(~Jade Vault~[;] true[;] false[;] e);,if(turn == 1) { e.create(~Jade Vault~); },,,,,,,e.preventdefault = true; e.maintainfury = true;
Jade Skull?,[curse]Curse enemy[;] | apply 3 [weaken]Weaken | [grey](Vault relocks after combat),2,inflict(WEAKEN[;]3); inflict(CURSE[;]1);,Dramatic Pause,COUNTDOWN,13,ITEMS,GREEN,change_power,change_power,,_curse,0,NO,NO,YES,YES,NO,NO,NO,NO,,,giveequipment(~Jade Vault~[;] true[;] false[;] e);,if(turn == 1) { e.create(~Jade Vault~); },,,,,,,
Jade Skull?_downgraded,[curse]Curse enemy | [grey](Vault relocks after combat),2,inflict(CURSE[;]1);,Dramatic Pause,COUNTDOWN,13,ITEMS,GREEN,,,,_curse,0,NO,NO,YES,YES,NO,NO,NO,NO,,,giveequipment(~Jade Vault+~[;] true[;] false[;] e);,if(turn == 1) { e.create(~Jade Vault~|true); },,,,,,,
Jade Skull?_upgraded,[curse]Curse enemy[;] | inflict 5 [weaken]Weaken | [grey](Vault relocks after combat),2,inflict(WEAKEN[;]5); inflict(CURSE[;]1);,Dramatic Pause,COUNTDOWN,13,ITEMS,GREEN,,,,_curse,0,NO,NO,YES,YES,NO,NO,NO,NO,,,giveequipment(~Jade Vault~[;] true[;] false[;] e);,if(turn == 1) { e.create(~Jade Vault~); },,,,,,,
I'm Outta Here!,Odd: flee[;] Even: win|(for testing only),1,if(d%2 == 0){ attack(999); sfx(~_shield~); } else { flee(); sfx(~_shield~); },Broken Gadget,NORMAL,,ITEMS,BLACK,add1,complicate,,none,0,YES,NO,NO,YES,NO,NO,NO,NO,,,,,,,,,,,
Optimise,CPU -7|[gray](Reuseable),2,adjustrobotcounter(-7);,Robot Roll,NORMAL|NORMAL,7,ITEMS,GRAY,reducesize,change_power,,none,-1,NO,NO,NO,NO,NO,NO,NO,NO,,,,,,,,,,,
Optimise_weakened,CPU -7|[gray](Reuseable),1,adjustrobotcounter(-7);,Robot Roll,NORMAL|NORMAL,9,ITEMS,GRAY,,,,none,-1,NO,NO,NO,NO,NO,NO,NO,NO,,,,,,,,,,,
Optimise_downgraded,CPU -7|[gray](Reuseable),2,adjustrobotcounter(-7);,Robot Roll,NORMAL|NORMAL,9,ITEMS,GRAY,,,,none,-1,NO,NO,NO,NO,NO,NO,NO,NO,,,,,,,,,,,
All Out Attack,Throw your dice[;]| do [sword]2 damage for each,2,for(mydice in self.dicepool){ if(mydice.available()){ mydice.removedice(self.screenposition()); attack(2); } },Throw Dice,NORMAL,,WEAPON,PURPLE,change_power,change_power,,_damage,0,YES,NO,YES,NO,NO,NO,NO,NO,,,,,,,,,,,
All Out Attack_upgraded,Throw your dice[;]| do [sword]2 damage for each | ([sword]3 on [dice]>3),2,var dmg=0; for(mydice in self.dicepool){ if(mydice.available()){ if(mydice.basevalue>=4){ dmg=3; }else{ dmg=2; } mydice.removedice(self.screenposition()); attack(dmg); } },Throw Dice,NORMAL,,WEAPON,PURPLE,,,,_damage,0,YES,NO,YES,NO,NO,NO,NO,NO,,,,,,,,,,,
All Out Attack_downgraded,Throw your dice[;] do [sword]1 damage for each,2,for(mydice in self.dicepool){ if(mydice.available()){ mydice.removedice(self.screenposition()); attack(1); } },Throw Dice,NORMAL,,WEAPON,PURPLE,,,,_damage,0,YES,NO,YES,NO,NO,NO,NO,NO,,,,,,,,,,,
High Stakes,Double Down|Duplicate an unused dice[;]|CPU +[dice],2,var dicelist = []; for (mydice in self.dicepool){ if (mydice.available()){ dicelist.push(mydice); } } if(dicelist.length > 0) { shuffle(dicelist); givedice(dicelist[0].basevalue); attack(d); adjustrobotcounter(dicelist[0].basevalue); },Replicate,,,BACKUP,WHITE,none,noeffect,,none,0,YES,NO,NO,NO,NO,NO,NO,NO,,,,,e.animate(~flashandshake~); e.availablethisturn = false;,if( e.availablethisturn == false){ e.animate(~flashandshake~); e.availablethisturn = true; },,,,,
High Stakes?,All In|Roll three extra dice...,2,var douses = [rand([1[;]2[;]3[;]4[;]5[;]6])[;]rand([1[;]2[;]3[;]4[;]5[;]6])[;]rand([1[;]2[;]3[;]4[;]5[;]6])]; givedice(douses); adjustrobotcounter(douses[0]+douses[1]+douses[2]); adjustrobotcounter(-(douses[0]+douses[1]+douses[2]));,Crystal Ball,,,BACKUP,WHITE,none,noeffect,,none,0,YES,NO,YES,NO,NO,NO,NO,NO,,,,,,,,,,,
Cataclysm,Do [sword]<d6> damage[;]|Add <d6> random status,2,attack(d); var status = shuffle([BLIND[;]CURSE[;]LOCK[;]FIRE[;]ICE[;]WEAKEN[;]SHOCK[;]POISON[;]CONFUSE[;]VANISH]); for(i in 1 ... d){ inflict(status(i)[;]1); },Broken Gadget,REQUIRE6,,WEAPON,RED,add1,change_power,,_damage,0,NO,NO,YES,NO,NO,NO,NO,NO,,,,,,,,,,,
Cataclysm_downgraded,Do [sword]<slotdoubles> damage[;]|Add <doubles> random status,2,attack(d); var status = shuffle([BLIND[;]CURSE[;]LOCK[;]FIRE[;]ICE[;]WEAKEN[;]SHOCK[;]POISON[;]CONFUSE[;]VANISH]); for(i in 1 ... (d)){ inflict(status(i)[;]1); },Broken Gadget,REQUIRE6|REQUIRE6,,WEAPON,RED,,,,_damage,0,NO,NO,YES,NO,NO,NO,NO,NO,,,,,,,,,,,
Misfortune,Luck was never|on your side.,2,givedice([6[;]6]);,Broken Gadget,REQUIRE6|REQUIRE6,,ITEMS,WHITE,change_power,noeffect,,_damage,0,NO,NO,YES,YES,NO,NO,NO,NO,,,,,,,,,,,
Misfortune_upgraded,Luck was never|on your side.,2,givedice([6[;]6]);,Broken Gadget,REQUIRE6|REQUIRE6,,ITEMS,WHITE,,,,none,0,NO,NO,YES,YES,NO,NO,NO,NO,,,,,,,,,,,
Combat Roll@SDD,Reroll dice with lower value|[gray](Reuseable),2,var outcome = []; for(i in 1 ... d) { outcome.push(i); } if(d<=1){ givedice(1); }else{ givedice(rand(outcome)); },Random Roll,MIN2,,SKILLCARD,GRAY,,,,,3,YES,NO,NO,YES,NO,NO,NO,NO,,,,,var give = []; if(chance(25)){ give = shuffle([~Combat Key~[;]~Combat Lock~[;]~Combat Doppel~[;]~Combat Spanner~]); } else{ give=shuffle([~Combat Roll@SDD~[;]~Combat Spatula@SDD~[;]~Combat Bump~[;]~Combat Nudge~]); } self.replaceskillcard(give[0]);,,,,,,
Combat Bump,Dice value +1|[gray](Reuseable),2,if(d >= 6){ givedice([6[;] 1]); } else { givedice(d + 1); },Megabump,NORMAL,,SKILLCARD,GRAY,,,,,2,YES,NO,NO,YES,NO,NO,NO,NO,,,,,var give = []; if(chance(25)){ give = shuffle([~Combat Key~[;]~Combat Lock~[;]~Combat Doppel~[;]~Combat Spanner~]); } else{ give=shuffle([~Combat Roll@SDD~[;]~Combat Spatula@SDD~[;]~Combat Bump~[;]~Combat Nudge~]); } self.replaceskillcard(give[0]);,,,,,,
Combat Nudge,Dice value -1|[gray](Reuseable),2,givedice(d - 1);,Meganudge,MIN2,,SKILLCARD,GRAY,,,,,2,YES,NO,NO,YES,NO,NO,NO,NO,,,,,var give = []; if(chance(25)){ give = shuffle([~Combat Key~[;]~Combat Lock~[;]~Combat Doppel~[;]~Combat Spanner~]); } else{ give=shuffle([~Combat Roll@SDD~[;]~Combat Spatula@SDD~[;]~Combat Bump~[;]~Combat Nudge~]); } self.replaceskillcard(give[0]);,,,,,,
Combat Doppel,Double dice value |[grey](Reuseable),2,givedice(d * 2[;] ~combinedice~);,Unfocused,MAX3,,SKILLCARD,GRAY,,,,,2,YES,NO,NO,YES,NO,NO,NO,NO,,,,,var give = []; if(chance(25)){ give = shuffle([~Combat Key~[;]~Combat Lock~[;]~Combat Doppel~[;]~Combat Spanner~]); } else{ give=shuffle([~Combat Roll@SDD~[;]~Combat Spatula@SDD~[;]~Combat Bump~[;]~Combat Nudge~]); } self.replaceskillcard(give[0]);,,,,,,
Combat Lock,Split dice|(Reuseable),2,givedice(split(d)[;] ~splitdice~);,Magic Lockpick,MIN2,,SKILLCARD,GRAY,,,,,2,YES,NO,NO,YES,NO,NO,NO,NO,,,,,var give = []; if(chance(25)){ give = shuffle([~Combat Key~[;]~Combat Lock~[;]~Combat Doppel~[;]~Combat Spanner~]); } else{ give=shuffle([~Combat Roll@SDD~[;]~Combat Spatula@SDD~[;]~Combat Bump~[;]~Combat Nudge~]); } self.replaceskillcard(give[0]);,,,,,,
Combat Key,Set an unused dice to <d6>[;]|Return this dice|(Reuseable),2,var dicelist = []; for (mydice in self.dicepool){ if (mydice.available() && mydice.basevalue != d){ dicelist.push(mydice); } } if(dicelist.length > 0) { shuffle(dicelist); dicelist[0].animatereroll(d[;] self.screenposition()[;] 0); } givedice(d);,Reversal,NORMAL,,SKILLCARD,GRAY,,,,,2,YES,NO,NO,YES,NO,NO,NO,NO,,,,,var give = []; if(chance(25)){ give = shuffle([~Combat Key~[;]~Combat Lock~[;]~Combat Doppel~[;]~Combat Spanner~]); } else{ give=shuffle([~Combat Roll@SDD~[;]~Combat Spatula@SDD~[;]~Combat Bump~[;]~Combat Nudge~]); } self.replaceskillcard(give[0]);,,,,,,
Combat Spanner,Combine dice | (Reuseable),2,if(d > 0) givedice(d[;] ~combinedice~);,Magic Spanner,MAX3|MAX3,,SKILLCARD,GRAY,,,,,2,YES,NO,NO,YES,NO,NO,NO,NO,,,,,var give = []; if(chance(25)){ give = shuffle([~Combat Key~[;]~Combat Lock~[;]~Combat Doppel~[;]~Combat Spanner~]); } else{ give=shuffle([~Combat Roll@SDD~[;]~Combat Spatula@SDD~[;]~Combat Bump~[;]~Combat Nudge~]); } self.replaceskillcard(give[0]);,,,,,,
Combat Spatula@SDD,Flip a dice upside down|[gray](Reuseable),2,givedice(7 - d);,Megaflip,NORMAL,,SKILLCARD,GRAY,,,,,2,YES,NO,YES,YES,NO,NO,NO,NO,,,,,var give = []; if(chance(25)){ give = shuffle([~Combat Key~[;]~Combat Lock~[;]~Combat Doppel~[;]~Combat Spanner~]); } else{ give=shuffle([~Combat Roll@SDD~[;]~Combat Spatula@SDD~[;]~Combat Bump~[;]~Combat Nudge~]); } self.replaceskillcard(give[0]);,,,,,,
Aattest,(testing only),1,self.replaceskillcard(~Inspire~);,Broken Gadget,NORMAL,,ITEMS,BLACK,,,,none,8,YES,NO,YES,NO,NO,NO,NO,NO,,,,,,,,,,,
Redeal,REDEAL|Refill your inventory with|Random Equipment,2,var eqlist = []; for(eq in self.equipment){ if(eq.skillcard == ~~ && !eq.ready ){ trace(eq.name + eq.size); eqlist.push(eq.size); } } var neweq = ~~; for(size in eqlist){ if(size == 2) { neweq = rand(getparticularequipment([~large~])); } else { neweq = rand(getparticularequipment([~small~])); } giveequipment(neweq); },Reversal,,,BACKUP,RED,,,,useitem,-1,YES,NO,NO,NO,NO,NO,NO,YES,,,,,,,,,,,e.preventdefault = true; e.maintainfury = true;
Drake@nospace,Flee|Please re-enter this combat with|room for another big item,2,self.replaceskillcard(self.getvar(~oldskillcard~)); flee();,Broken Gadget,,,BACKUP,BLACK,,,,useitem,-1,YES,NO,YES,YES,NO,NO,NO,YES,,,,,,,,,,,e.preventdefault = true; e.maintainfury = true;
Drake@havespace,Give Bullet|Obtain a Silver Bullet[;]|Restore old skill card,2,giveequipment(~Silver Bullet~[;]true[;]false); self.setvar(~hasbullet~[;]true); self.replaceskillcard(self.getvar(~oldskillcard~));,Broken Gadget,,,BACKUP,BLACK,,,,useitem,-1,YES,NO,YES,YES,NO,NO,NO,YES,,,,,,,,,,,e.preventdefault = true; e.maintainfury = true;
Drake@havespacet,SPACE|Restore your Skill Card|(this should not appear),2,self.replaceskillcard(self.getvar(~oldskillcard~));,Broken Gadget,,,BACKUP,BLACK,,,,useitem,-1,YES,NO,YES,YES,NO,NO,NO,YES,,,,,,,,,,,e.preventdefault = true; e.maintainfury = true;
Drake@nospacet,NOSPACE|Restore your Skill Card|(this should not appear),2,self.replaceskillcard(self.getvar(~oldskillcard~));,Broken Gadget,,,BACKUP,BLACK,,,,useitem,-1,YES,NO,YES,YES,NO,NO,NO,YES,,,,,,,,,,,e.preventdefault = true; e.maintainfury = true;
Silver Bullet,Do [sword]1 damage[;]|Can defeat a Vampire,2,if(target.hp <= 1 &&getstatus(VAMPIRE) > 0) { removestatus(VAMPIRE[;] ALL); } attack(1);,Oh No!,DOUBLES|DOUBLES,,SHIELD,GRAY,reducesize,change_power,,_damage,0,NO,NO,YES,NO,NO,NO,NO,NO,,,,,,,,,,,
Silver Bullet_downgraded,Do [sword]1 damage[;]|Can defeat a Vampire,2,if(target.hp <= 1 &&getstatus(VAMPIRE) > 0) { removestatus(VAMPIRE[;] ALL); } attack(1);,Oh No!,NORMAL|NORMAL,11,SHIELD,GRAY,,,,_damage,0,NO,NO,YES,NO,NO,NO,NO,NO,,,,,,,,,,,
Silver Bullet_weakened,Do [sword]1 damage[;]|Can defeat a Vampire,1,if(target.hp <= 1 &&getstatus(VAMPIRE) > 0) { removestatus(VAMPIRE[;] ALL); } attack(1);,Oh No!,NORMAL|NORMAL,10,SHIELD,GRAY,,,,_damage,0,NO,NO,YES,NO,NO,NO,NO,NO,,,,,,,,,,,
Silver Bullet_deckupgrade,Do [sword]1 damage[;]|Can defeat a Vampire,2,if(target.hp <= 1 &&getstatus(VAMPIRE) > 0) { removestatus(VAMPIRE[;] ALL); } attack(1);,Oh No!,EVEN,,SHIELD,GRAY,,,,_damage,0,NO,NO,YES,NO,NO,NO,NO,NO,,,,,,,,,,,
Flash Drive,[]+2 CPU this combat,1,if(self.roll_target<=19){ self.roll_target += 2; } else{ self.roll_target = 21; },Robot Roll,REQUIRE6,,MAGIC,PURPLE,simplify,double_requirements,,useitem,0,NO,NO,YES,NO,NO,NO,NO,NO,,var oldrolltotal = self.roll_target,self.roll_target = oldrolltotal,,,,,,,,
Inspired,INSPIRATION|Delete the first card|in your hand this combat,2,var list = self.getvar(~inspired~); var firstcard = Deck.getcard(0); if(firstcard != null){ trace(firstcard.name); list.append(firstcard.name); self.setvar(~inspired~[;]list); firstcard.delete(); },Reversal,,,BACKUP,GRAY,,,,useitem,-1,YES,NO,NO,YES,NO,NO,NO,YES,,,,,,,,,,,e.preventdefault = true; e.maintainfury = true;
Borrow,YOINK|Borrow equipment,2,self.replaceskillcard(rand(getequipment(target)));,Reversal,,,BACKUP,GREEN,,,,useitem,-1,YES,NO,NO,YES,NO,NO,NO,YES,,,,,,,,,,,e.preventdefault = true; e.maintainfury = true;
Blowtorch,Do [fire]3 fire damage,2,attack(3[;]FIRE);,Broken Gadget,,,BACKUP,RED,,,,_fire,0,NO,NO,NO,NO,NO,NO,NO,YES,,,,,,,,,,,
Refrigerator,Freeze [ice]1 dice,2,inflict(ICE);,Broken Gadget,,,BACKUP,BRIGHTCYAN,,,,_ice,0,NO,NO,NO,NO,NO,NO,NO,YES,,,,,,,,,,,
Jackhammer,Shock [shock]3 equipment,2,inflict(SHOCK[;]3);,Broken Gadget,,,BACKUP,YELLOW,,,,_shock,0,NO,NO,NO,NO,NO,NO,NO,YES,,,,,,,,,,,
Megabump,[]+1 to all dice,2,var c = 0; var extradice = []; for (mydice in self.dicepool){ if (mydice.available()){ if (mydice.basevalue >= 6){ extradice.push(1); mydice.animatereroll(6[;] self.screenposition()[;] c * 0.05); } else { mydice.animatereroll((mydice.basevalue + 1)[;] self.screenposition()[;] c * 0.05); } c++; } } givedice(extradice);,Broken Gadget,,,BACKUP,GREEN,,,,,0,YES,NO,NO,NO,NO,NO,NO,YES,,,,,,,,,,,
Barricade,Shield +[shield]3,2,inflictself(SHIELD[;]3);,Broken Gadget,,,BACKUP,GRAY,,,,_shield,0,YES,NO,NO,NO,NO,NO,NO,YES,,,,,,,,,,,
Protection,Reduce damage by [reduce]1,2,inflictself(REDUCE);,Broken Gadget,,,BACKUP,ORANGE,,,,_shield,0,YES,NO,NO,NO,NO,NO,NO,YES,,,,,,,,,,,
Prep,PREPARE|Become a copy of the|third card in your hand,2,var c = Deck.getcard(2); trace(c); trace(c.name); trace(c.equipment.name); giveequipment(c.equipment.name[;] true[;] false[;] e);,Broomstick,,,BACKUP,GRAY,,,,none,-1,YES,NO,NO,NO,NO,NO,NO,YES,,,,,,,,,,,e.preventdefault = true; e.maintainfury = true;
Hammer@Crisis,Do [shock]<d6> damage[;]|on 6[;] inflict [shock]1 shock,1,attack(d[;] SHOCK); if(d == 6) inflict(SHOCK); if(d < 6) { sfxdamage(target[;]d); } else { sfxdamage(target[;]d); sfx(~_shock~[;]~~[;]0.2); },Jackhammer,NORMAL,,WEAPON,YELLOW,change_power,change_power,,_shock,0,NO,NO,NO,NO,NO,NO,NO,NO,,,,,,,,,,,
Hammer@Crisis_upgraded,Do [shock]<d6> damage|[shock]Shocks the enemy,1,attack(d[;] SHOCK); inflict(SHOCK);,Jackhammer,NORMAL,,WEAPON,YELLOW,,,,_shock,0,NO,NO,NO,NO,NO,NO,NO,NO,,,,,,,,,,,
Hammer@Crisis_downgraded,Do [shock]<d6> damage,1,attack(d[;] SHOCK);,Jackhammer,NORMAL,,WEAPON,YELLOW,,,,_shock,0,NO,NO,NO,NO,NO,NO,NO,NO,,,,,,,,,,,
Program,CALCULATE|CPU Target: <var:jpot>,2,var v = rand([1[;]2[;]3[;]4[;]5[;]6]); var c = ~cpu~; givedice(v); inflictself(c[;]v); if(getstatusself(c)==self.getvar(~jpot~)){ self.replaceskillcard(~Jackpot!~); sfx(~jackpot_autoroll~); }else{ if(getstatusself(c)>self.getvar(~jpot~)){ for(eq in self.equipment){ eq.animate(~error~); } }else{ self.replaceskillcard(~Program~); } },Robot Roll,,,BACKUP,WHITE,,,,,-1,YES,NO,NO,YES,NO,NO,NO,YES,,,,,for(mydice in self.dicepool){ mydice.consumedice(); } var dtotal=self.dice+self.extradice+self.bonusdice; trace(dtotal); self.setvar(~jpot~[;]5+2*dtotal); trace(self.getvar(~jpot~)); if(getstatusself(SILENCE)>0){ removestatusself(SILENCE[;]ALL); } e.fulldescription = ~CALCULATE\n[cog]CPU target: ~ + self.getvar(~jpot~);,,,,,,
Sword@Crisis,Do [sword]<d6> damage,1,attack(d);,Plasma Gun,NORMAL,,WEAPON,RED,add1,decreaserange,,plasma,0,NO,NO,NO,NO,NO,NO,NO,NO,,,,,,,,,,,
Dagger@Crisis,Do [sword]<d6> damage|[gray](Reuseable),1,attack(d);,Steal,MAX3,,WEAPON,RED,add1,complicate,,_damage,3,NO,NO,NO,NO,NO,NO,NO,NO,,,,,,,,,,,
Hocus Rocus,Copy your <d6>th equipment,2,var eqlist = []; for(eq in self.equipment){ if(eq.skillcard == ~~ ){ trace(eq.name + eq.namemodifier); eqlist.push(eq.name + eq.namemodifier); } } trace(eqlist.length); if(eqlist.length<d){ givedice(d); self.textparticle(~Dice Doesn't Fit!~); } else{ self.replaceskillcard(eqlist[d-1]); },Reversal,NORMAL,,SKILLCARD,PURPLE,,,,useitem,-1,YES,NO,NO,YES,NO,NO,NO,YES,,,,,,,,,,,
Inspire,REWORK|Disable one of your equipment[;]|get a gadget from it,2,var gadgets = [~Barricade~[;]~Flash Freeze~[;]~Blowtorch~[;]~Megabump~[;]~Jackhammer~[;]~Stardust~[;]~Arctic Storm~[;]~Power Up~[;]~Refrigerator~[;]~Protection~[;]~Dramatic Pause~[;]~Stardust~]; var eqlist = []; for(eq in self.equipment){ if(eq.skillcard == ~~ && eq.ready ){ trace(eq.name + eq.equipmentcol); eqlist.push(eq); } } eqlist=shuffle(eqlist); if(eqlist.length>0){ trace(eqlist[0].equipmentcol); eqlist[0].availablethisturn=false; self.replaceskillcard(gadgets[eqlist[0].equipmentcol]); }else{ self.textparticle(~No effect!~); },Reversal,,,BACKUP,ORANGE,,,,useitem,-1,YES,NO,NO,YES,NO,NO,NO,YES,,,,,,,,,,,
Jackpot!,LUCKY SHOT|Deal 5 damage,2,attack(5);,Plasma Gun,,,BACKUP,YELLOW,,,,plasma,-1,NO,NO,NO,YES,NO,NO,NO,YES,,,,,,,,,,,
Dramatic Pause,Curse the enemy,2,inflict(CURSE[;] 1);,Broken Gadget,,,BACKUP,BLACK,,,,_curse,0,NO,NO,NO,NO,NO,NO,NO,YES,,,,,,,,,,,
Magic Six,Roll a six,2,givedice(6);,Broken Gadget,,,BACKUP,PINK,,,,,0,YES,NO,NO,NO,NO,NO,NO,YES,,,,,,,,,,,
Stardust,Random status effect,2,inflict(rand([CURSE[;] LOCK[;] FIRE[;] ICE[;] WEAKEN[;] SHOCK[;] POISON]));,Broken Gadget,,,BACKUP,PURPLE,,,,useitem,0,NO,NO,NO,NO,NO,NO,NO,YES,,,,,,,,,,,
Flash Freeze,Do [ice]4 ice damage,2,attack(4[;] ICE);,Broken Gadget,,,BACKUP,CYAN,,,,_freeze,0,NO,NO,NO,NO,NO,NO,NO,YES,,,,,,,,,,,
Power Up,Gain a random blessing,2,var randomstatus = rand([SHIELD[;]FURY[;]REDUCE[;]REEQUIPNEXT[;]DODGE]); var a = 1; if (randomstatus == SHIELD) a = 4; if (randomstatus == REDUCE) a = 2; inflictself(randomstatus[;] a);,Broken Gadget,,,BACKUP,WHITE,,,,useitem,0,YES,NO,NO,NO,NO,NO,NO,YES,,,,,,,,,,,e.preventdefault = true; e.maintainfury = true;
Arctic Storm,Freeze a random amount,2,var r = rand([1[;]1[;]1[;]1[;]2[;]2[;]2[;]3[;]3[;]4[;]5]); inflict(ICE[;] r);,Broken Gadget,,,BACKUP,BLUE,,,,_freeze,0,NO,NO,NO,NO,NO,NO,NO,YES,,,,,,,,,,,
Kapow!,Do [sword]<var_tempkapowkludge:kapowcount> damage[;] +1 for|each use this turn [grey](Reuseable),1,attack(self.getvar(~kapowcount~) + 1); self.setvar(~kapowcount~[;] self.getvar(~kapowcount~) + 1);,Pea Gun,NORMAL,,MAGIC,YELLOW,change_power,change_power,,_damage,3,NO,NO,YES,NO,NO,NO,NO,NO,,self.setvar(~kapowcount~[;] 0);,self.setvar(~kapowcount~[;] 0);,self.setvar(~kapowcount~[;] 0);,,,,,,,
Kapow!_upgraded,Do [sword]<var_tempkapowkludge:kapowcount> damage[;] +2 for|each use this turn [grey](Reuseable),1,attack((self.getvar(~kapowcount~) * 2) + 1); self.setvar(~kapowcount~[;] self.getvar(~kapowcount~) + 1);,Pea Gun,NORMAL,,MAGIC,YELLOW,,,,_damage,3,NO,NO,YES,NO,NO,NO,NO,NO,,self.setvar(~kapowcount~[;] 0);,self.setvar(~kapowcount~[;] 0);,self.setvar(~kapowcount~[;] 0);,,,,,,,
Kapow!_downgraded,Do [sword]1 damage[;]|return to normal,1,Attack(1); giveequipment(~Kapow!~[;]true[;]false[;]e);,Pea Gun,NORMAL,,MAGIC,YELLOW,,,,_damage,0,NO,NO,YES,NO,NO,NO,NO,NO,,self.setvar(~kapowcount~[;] 0);,self.setvar(~kapowcount~[;] 0);,self.setvar(~kapowcount~[;] 0);,,,,,,,e.preventdefault = true; e.maintainfury = true;
Kapow!_weakened,Do [sword]1 damage[;]|return to normal,1,Attack(1); giveequipment(~Kapow!+~[;]true[;]false[;]e);,Pea Gun,NORMAL,,MAGIC,YELLOW,,,,_damage,0,NO,NO,YES,NO,NO,NO,NO,NO,,self.setvar(~kapowcount~[;] 0);,self.setvar(~kapowcount~[;] 0);,self.setvar(~kapowcount~[;] 0);,,,,,,,e.preventdefault = true; e.maintainfury = true;
Bop!,Do [sword]3 damage|[grey](Reuseable),1,attack(3); if(!simulation){ self.setvar(~bonkcount~[;] self.getvar(~bonkcount~) + 1); },Pea Gun,MIN3,,MAGIC,,change_power,change_power,,_damage,3,NO,NO,NO,NO,NO,NO,NO,NO,,self.setvar(~bonkcount~[;] 0);,self.setvar(~bonkcount~[;] 0);,,,,,,,,
Bop!_upgraded,Do [sword]4 damage|[grey](Reuseable),1,Attack(4); if(!simulation){ self.setvar(~bonkcount~[;] self.getvar(~bonkcount~) + 1); },Pea Gun,MIN3,,MAGIC,,,,,_damage,3,NO,NO,NO,NO,NO,NO,NO,NO,,self.setvar(~bonkcount~[;] 0);,self.setvar(~bonkcount~[;] 0);,,,,,,,,
Bop!_downgraded,Do [sword]2 damage|[grey](Reuseable),1,attack(2); if(!simulation){ self.setvar(~bonkcount~[;] self.getvar(~bonkcount~) + 1); },Pea Gun,MIN3,,MAGIC,,,,,_damage,3,NO,NO,NO,NO,NO,NO,NO,NO,,self.setvar(~bonkcount~[;] 0);,self.setvar(~bonkcount~[;] 0);,,,,,,,,
Candy,Heal [heal]2. If above max hp[;]|convert excess to shield,1,if(self.maxhp - self.hp == 0) { inflictself(SHIELD[;] 2); sfx(~_shield~[;]~~[;]0.2); } else if(self.maxhp - self.hp == 1) { inflictself(SHIELD[;] 1); attackself(-1); sfx(~_shield~[;]~~[;]0.2); } else { attackself(-2); sfx(~_heal~); },Regenerate,NORMAL,,ITEM,GREEN,change_power,change_power,,none,0,YES,NO,NO,NO,NO,NO,NO,NO,,,,,,,,,,,
Candy_upgraded,Heal [heal]3. If above max hp[;]|convert excess to shield,1,if(self.maxhp - self.hp == 0) { inflictself(SHIELD[;] 3); sfx(~_shield~[;]~~[;]0.2); } else if(self.maxhp - self.hp == 1) { inflictself(SHIELD[;] 2); attackself(-1); sfx(~_shield~[;]~~[;]0.2); } else if(self.maxhp - self.hp == 3) { inflictself(SHIELD[;] 1); attackself(-2); sfx(~_shield~[;]~~[;]0.2); } else { attackself(-3); sfx(~_heal~); },Regenerate,NORMAL,,ITEM,GREEN,,,,none,0,YES,NO,NO,NO,NO,NO,NO,NO,,,,,,,,,,,
Candy_downgraded,Heal [heal]1 health,1,attackself(-1);,Regenerate,NORMAL,,ITEM,GREEN,,,,none,0,YES,NO,NO,NO,NO,NO,NO,NO,,,,,,,,,,,
C4,In [jinx]<d6> turns[;]|do [fire]<triple> damage,2,if(simulation){ bonus(100*d); }else{ jinx(~C4~[;]~take [fire]%VAR% damage~[;]~Take [fire]%VAR% damage~[;]~attack(%VAR%[;]FIRE); sfxdamage(null[;]%VAR%);~[;]target[;]self[;]d[;](d * 3)); sfx(~_thinghappens~); },Blowtorch,MAX4,,ITEM,PURPLE,change_power,change_power,,_fire,0,NO,NO,YES,NO,NO,NO,NO,NO,,,,,,,,,,,
C4_upgraded,In [jinx]<d6> turns[;]|do [fire]<triple> damage,2,if(simulation){ bonus(100*d); }else{ jinx(~C4~[;]~take [fire]%VAR% damage~[;]~Take [fire]%VAR% damage~[;]~attack(%VAR%[;]FIRE); sfxdamage(null[;]%VAR%);~[;]target[;]self[;]d[;](d * 3)); sfx(~_thinghappens~); },Blowtorch,NORMAL,,ITEM,PURPLE,,,,_fire,0,NO,NO,YES,NO,NO,NO,NO,NO,,,,,,,,,,,
C4_downgraded,In [jinx]<d6> turns[;]|do [fire]<triple> damage,2,if(simulation){ bonus(50*d); }else{ jinx(~C4~[;]~take [fire]%VAR% damage~[;]~Take [fire]%VAR% damage~[;]~attack(%VAR%[;]FIRE); sfxdamage(null[;]%VAR%);~[;]target[;]self[;]d[;](d * 3)); sfx(~_thinghappens~); },Blowtorch,MAX2,,ITEM,PURPLE,,,,_fire,0,NO,NO,YES,NO,NO,NO,NO,NO,,,,,,,,,,,
Blast Shield,Gain [shield]<d6> shield[;]|+2 for each bomb,2,if(simulation){ bonus(d*10); }else{ var jinxcount = getjinx(target); inflictself(SHIELD[;]d+jinxcount*2); },Barricade,NORMAL,,SHIELD,PINK,change_power,change_power,,_shield,0,YES,NO,YES,NO,NO,NO,NO,NO,,,,,,,,,,,
Blast Shield_upgraded,Gain [shield]<d6> shield[;]|+3 for each bomb,2,if(simulation){ bonus(d*10); }else{ var jinxcount = getjinx(target); inflictself(SHIELD[;]d+jinxcount*3); },Barricade,NORMAL,,SHIELD,PINK,,,,_shield,0,YES,NO,YES,NO,NO,NO,NO,NO,,,,,,,,,,,
Blast Shield_downgraded,Gain [shield]2 shield[;]|+2 for each bomb,2,if(simulation){ bonus(10); }else{ var jinxcount = getjinx(target); inflictself(SHIELD[;]2+jinxcount*2); },Barricade,NORMAL,,SHIELD,PINK,,,,_shield,0,YES,NO,YES,NO,NO,NO,NO,NO,,,,,,,,,,,
THERE!,Reduce bomb countdowns|by 2,2,if(simulation){ bonus(20); }else{ boostjinxcountdowns(target[;] 2); },Accelerate,COUNTDOWN,16,MAGIC,PURPLE,change_power,change_power,,useitem,0,NO,NO,YES,NO,NO,NO,NO,NO,,,,,,,,,,,
THERE!_upgraded,Reduce bomb countdowns|by 3,2,if(simulation){ bonus(20); }else{ boostjinxcountdowns(target[;] 3); },Accelerate,COUNTDOWN,16,MAGIC,PURPLE,,,,useitem,0,NO,NO,YES,NO,NO,NO,NO,NO,,,,,,,,,,,
THERE!_downgraded,Reduce bomb countdowns|by 1,2,if(simulation){ bonus(20); }else{ boostjinxcountdowns(target[;] 1); },Accelerate,COUNTDOWN,16,MAGIC,PURPLE,,,,useitem,0,NO,NO,YES,NO,NO,NO,NO,NO,,,,,,,,,,,
Combat Roll@Disguise,Reroll a dice|[gray](Reuseable),2,givedice();,Random Roll,NORMAL,,ITEM,CYAN,,,,,3,YES,NO,NO,NO,NO,NO,NO,NO,,,,,,,,,,,
Toxic Sludge,Deal [sword]1 damage[;]|Reroll with lower value,1,attack(1); var outcome = []; for(i in 1 ... d) { outcome.push(i); } givedice(rand(outcome));,Bubble Gun,MIN3,,ITEM,GREEN,change_power,change_power,,_poison,0,NO,NO,NO,NO,NO,NO,NO,NO,,,,,,,,,,,
Toxic Sludge_upgraded,Deal [sword]1 damage[;]|Reroll with lower value,1,attack(1); var outcome = []; for(i in 1 ... d) { outcome.push(i); } givedice(rand(outcome));,Bubble Gun,MIN2,,ITEM,GREEN,,,,_poison,0,NO,NO,NO,NO,NO,NO,NO,NO,,,,,,,,,,,
Toxic Sludge_downgraded,Deal [sword]1 damage[;]|Reroll with lower value,1,attack(1); var outcome = []; for(i in 1 ... d) { outcome.push(i); } givedice(rand(outcome));,Bubble Gun,MIN5,,ITEM,GREEN,,,,_poison,0,NO,NO,NO,NO,NO,NO,NO,NO,,,,,,,,,,,
Corrosion,Apply [weaken]1 Weaken?,2,inflict(~alternate_weaken~); bonus(1000);,Mumble,REQUIRE1,,ITEM,GRAY,change_power,noeffect,,_weaken,0,NO,NO,NO,NO,NO,NO,NO,NO,,,,,,,,,,,
Corrosion_upgraded,Apply [weaken]1 Weaken?|[gray](Reuseable),2,inflict(~alternate_weaken~); bonus(1000);,Mumble,REQUIRE1,,ITEM,GRAY,,,,_weaken,2,NO,NO,NO,NO,NO,NO,NO,NO,,,,,,,,,,,
Strange Ooze,Inflict a random status[;]|Reroll with higher value,1,var randstatus = rand([BLIND[;]CURSE[;]LOCK[;]FIRE[;]ICE[;]WEAKEN[;]SHOCK[;]POISON]); inflict(randstatus); sfx(~_~ + randstatus.toLowerCase()[;]~~[;]0.2); if(d == 1) { givedice(rand([2[;]3[;]4[;]5[;]6])); } else if(d == 2) { givedice(rand([3[;]4[;]5[;]6])); } else if(d == 3) { givedice(rand([4[;]5[;]6])); } else if(d == 4) { givedice(rand([5[;]6])); } else if(d >= 5) { givedice(6); },Stardust,MAX2,,MAGIC,PINK,change_power,change_power,,useitem,0,NO,NO,NO,NO,NO,NO,NO,NO,,,,,,,,,,,
Strange Ooze_upgraded,Inflict a random status[;]|Reroll with higher value,1,var randstatus = rand([BLIND[;]CURSE[;]LOCK[;]FIRE[;]ICE[;]WEAKEN[;]SHOCK[;]POISON]); inflict(randstatus); sfx(~_~ + randstatus.toLowerCase()[;]~~[;]0.2); if(d == 1) { givedice(rand([2[;]3[;]4[;]5[;]6])); } else if(d == 2) { givedice(rand([3[;]4[;]5[;]6])); } else if(d == 3) { givedice(rand([4[;]5[;]6])); } else if(d == 4) { givedice(rand([5[;]6])); } else if(d >= 5) { givedice(6); },Stardust,MAX3,,MAGIC,PINK,,,,useitem,0,NO,NO,NO,NO,NO,NO,NO,NO,,,,,,,,,,,
Strange Ooze_downgraded,Inflict a random status[;]|Reroll with higher value,1,var randstatus = rand([BLIND[;]CURSE[;]LOCK[;]FIRE[;]ICE[;]WEAKEN[;]SHOCK[;]POISON]); inflict(randstatus); sfx(~_~ + randstatus.toLowerCase()[;]~~[;]0.2); if(d == 1) { givedice(rand([2[;]3[;]4[;]5[;]6])); } else if(d == 2) { givedice(rand([3[;]4[;]5[;]6])); } else if(d == 3) { givedice(rand([4[;]5[;]6])); } else if(d == 4) { givedice(rand([5[;]6])); } else if(d >= 5) { givedice(6); },Stardust,REQUIRE1,,MAGIC,PINK,,,,useitem,0,NO,NO,NO,NO,NO,NO,NO,NO,,,,,,,,,,,
Capture_downgraded,Trap the wild spell|in a random slot?,1,var candidates = []; for(i in 1...7){if(!Spellbook.isempty(i)){candidates.push(i);} } if(candidates.length>0){Spellbook.changespellflash(rand(candidates)|Spellbook.getunexpectedspell());}else{Spellbook.changespellflash(1|Spellbook.getunexpectedspell());},Stardust,COUNTDOWN,7,MAGIC,PINK,,,,useitem,0,YES,NO,YES,NO,NO,NO,NO,NO,,,,,,,,,,,
Capture,Trap the wild spell|in a random slot,1,var candidates = []; for(i in 1...7){if(Spellbook.isempty(i)){candidates.push(i);} } if(candidates.length>0){Spellbook.changespellflash(rand(candidates)|Spellbook.getunexpectedspell());}else{Spellbook.changespellflash(rand([1|2|3|4|5|6])|Spellbook.getunexpectedspell());},Stardust,COUNTDOWN,7,MAGIC,PINK,change_power,change_power,,useitem,0,YES,NO,YES,NO,NO,NO,NO,NO,1,,,,,,,,,,
Capture_upgraded,Trap the wild spell|in slot <d6>,1,Spellbook.changespellflash(d|Spellbook.getunexpectedspell());,Stardust,NORMAL,,MAGIC,PINK,,,,useitem,0,YES,NO,YES,NO,NO,NO,NO,NO,,,,,,,,,,,
Corrosion?,Apply [weaken]1 Weaken?,2,inflict(~weaken~); bonus(200);,Mumble,REQUIRE1,,ITEM,GRAY,change_power,noeffect,,_weaken,0,NO,NO,NO,NO,NO,NO,NO,NO,,,,,,,,,,,
Corrosion?_upgraded,Apply [weaken]1 Weaken?|[gray](Reuseable),2,inflict(~weaken~); bonus(200);,Mumble,REQUIRE1,,ITEM,GRAY,,,,_weaken,2,NO,NO,NO,NO,NO,NO,NO,NO,,,,,,,,,,,
Poof!,Delete your entire hand,2,for(x in [0[;]1[;]2[;]3]){ if(Deck.getcard(x)!=null){if(Deck.getcard(x).equipment.immunetoerrors){Deck.getcard(x).equipment.animate(~error~);}else{Deck.getcard(x).delete();} } } sfx(~_curse~);,,COUNTDOWN,8,SKILLCARD,GRAY,,,,,0,YES,NO,NO,YES,NO,NO,NO,NO,,,,,,,,,,,
Bonk!,Bonk!|[sword]<var:bonkcount> damage[;] +1 each use,2,attack(self.getvar(~bonkcount~));  self.setvar(~bonkcount~| self.getvar(~bonkcount~) + 1);,Lucky Shot,,,BACKUP,BRIGHTCYAN,change_power,change_power,,none,0,NO,NO,NO,NO,NO,NO,NO,NO,,,,if(turn==1){self.setvar(~bonkcount~| 1); trace(~bonkcount reset~);},,,,,,,
Bonk!_upgraded,Bonk!|[sword]<var:bonkcount> damage[;] +3 each use,2,attack(self.getvar(~bonkcount~));  self.setvar(~bonkcount~| self.getvar(~bonkcount~) + 3);,Lucky Shot,,,BACKUP,BRIGHTCYAN,,,,none,0,NO,NO,NO,NO,NO,NO,NO,NO,,,,if(turn==1){self.setvar(~bonkcount~| 1); trace(~bonkcount reset~);},,,,,,,
Bonk!_downgraded,Bonk!|[sword]1 damage[;] +1 each use,2,attack(1);  self.setvar(~bonkcount~| self.getvar(~bonkcount~) + 1);,Lucky Shot,,,BACKUP,BRIGHTCYAN,,,,none,0,NO,NO,NO,NO,NO,NO,NO,NO,,,,if(turn==1){self.setvar(~bonkcount~| 1); trace(~bonkcount reset~);},,,,,,,
Bandage Whip,Do [sword]5 damage[;]|inflict [confuse]Confuse,2,attack(5); inflict(CONFUSE);,Stardust,COUNTDOWN,7,WEAPON,YELLOW,change_power,change_power,,_confuse,0,NO,NO,NO,NO,NO,NO,NO,NO,,,,,,,,,,,
Bandage Whip_upgraded,Do [sword]8 damage[;]|inflict [confuse]Confuse,2,attack(8); inflict(CONFUSE);,Stardust,COUNTDOWN,7,WEAPON,YELLOW,,,,_confuse,0,NO,NO,NO,NO,NO,NO,NO,NO,,,,,,,,,,,
Bandage Whip_downgraded,Inflict [confuse]Confuse,2,inflict(CONFUSE);,Stardust,COUNTDOWN,7,WEAPON,YELLOW,,,,_confuse,0,NO,NO,NO,NO,NO,NO,NO,NO,,,,,,,,,,,
Spooky Noises,Drain 1 health and|haunt [haunted]1 dice,1,drain(1); inflict(HAUNTED); if(d < 4) bonus(1000);,Night Terrors,ODD,,WEAPON,PURPLE,change_power,change_power,,_curse,0,NO,NO,NO,NO,NO,NO,NO,NO,,,,,,,,,,,
Spooky Noises_upgraded,Drain 1 health and|haunt [haunted]2 dice,1,drain(1); inflict(HAUNTED|2); if(d < 4) bonus(1000);,Night Terrors,ODD,,WEAPON,PURPLE,,,,_curse,0,NO,NO,NO,NO,NO,NO,NO,NO,,,,,,,,,,,
Spooky Noises_downgraded,Haunt [haunted]1 dice,1,inflict(HAUNTED); if(d < 4) bonus(1000);,Night Terrors,ODD,,WEAPON,PURPLE,,,,_curse,0,NO,NO,NO,NO,NO,NO,NO,NO,,,,,,,,,,,
Fade,Do [sword]<d6> damage[;]|Inflict [vanish]Vanish,1,attack(d); inflict(VANISH);,Night Terrors,REQUIRE1,,MAGIC,PINK,change_power,change_power,,_vanish,0,NO,NO,NO,NO,NO,NO,NO,NO,,,,,,,,,,,
Fade_upgraded,Do [sword]<d6> damage[;]|Inflict [vanish]Vanish,1,attack(d); inflict(VANISH);,Night Terrors,REQUIRE1|FREE2,,MAGIC,PINK,,,,_vanish,0,NO,NO,NO,NO,NO,NO,NO,NO,,,,,,,,,,,
Fade_downgraded,Inflict [vanish]Vanish,1,inflict(VANISH);,Night Terrors,REQUIRE1,,MAGIC,PINK,,,,_vanish,0,NO,NO,NO,NO,NO,NO,NO,NO,,,,,,,,,,,
Jab,Do [sword]<d6> damage[;]|Gain [thorns]2 thorns,1,attack(d); inflictself(THORNS| 2);,Night Terrors,REQUIRE2,,MAGIC,GREEN,change_power,change_power,,_thorns,0,NO,NO,NO,NO,NO,NO,NO,NO,,,,,,,,,,,
Jab_upgraded,Do [sword]<d6> damage[;]|Gain [thorns]2 thorns,1,attack(d); inflictself(THORNS| 2);,Night Terrors,REQUIRE2|FREE2,,MAGIC,GREEN,,,,_thorns,0,NO,NO,NO,NO,NO,NO,NO,NO,,,,,,,,,,,
Jab_downgraded,Gain [thorns]2 thorns,1,inflictself(THORNS| 2);,Night Terrors,REQUIRE2,,MAGIC,GREEN,,,,_thorns,0,NO,NO,NO,NO,NO,NO,NO,NO,,,,,,,,,,,
Echo,Do [weaken]<d6> damage[;]|Inflict [weaken]3 weaken,1,attack(d|WEAKEN); inflict(WEAKEN| 3);,Night Terrors,REQUIRE3,,MAGIC,ORANGE,change_power,change_power,,_weaken,0,NO,NO,NO,NO,NO,NO,NO,NO,,,,,,,,,,,
Echo_upgraded,Do [weaken]<d6> damage[;]|Inflict [weaken]3 weaken,1,attack(d|WEAKEN); inflict(WEAKEN| 3);,Night Terrors,REQUIRE3|FREE2,,MAGIC,ORANGE,,,,_weaken,0,NO,NO,NO,NO,NO,NO,NO,NO,,,,,,,,,,,
Echo_downgraded,Inflict [weaken]3 weaken,1,inflict(WEAKEN| 3);,Night Terrors,REQUIRE3,,MAGIC,ORANGE,,,,_weaken,0,NO,NO,NO,NO,NO,NO,NO,NO,,,,,,,,,,,
Muddle,Do [sword]<d6> damage[;]|Inflict [confuse]Confuse,1,attack(d); inflict(CONFUSE);,Night Terrors,REQUIRE4,,MAGIC,YELLOW,change_power,change_power,,_confuse,0,NO,NO,NO,NO,NO,NO,NO,NO,,,,,,,,,,,
Muddle_upgraded,Do [sword]<d6> damage[;]|Inflict [confuse]Confuse,1,attack(d); inflict(CONFUSE);,Night Terrors,REQUIRE4|FREE2,,MAGIC,YELLOW,,,,_confuse,0,NO,NO,NO,NO,NO,NO,NO,NO,,,,,,,,,,,
Muddle_downgraded,Inflict [confuse]Confuse,1,inflict(CONFUSE);,Night Terrors,REQUIRE4,,MAGIC,YELLOW,,,,_confuse,0,NO,NO,NO,NO,NO,NO,NO,NO,,,,,,,,,,,
Mute,Do [sword]<d6> damage[;]|Inflict [silence]Silence,1,attack(d); inflict(SILENCE);,Night Terrors,REQUIRE5,,MAGIC,BRIGHTCYAN,change_power,change_power,,_silence,0,NO,NO,NO,NO,NO,NO,NO,NO,,,,,,,,,,,
Mute_upgraded,Do [sword]<d6> damage[;]|Inflict [silence]Silence,1,attack(d); inflict(SILENCE);,Night Terrors,REQUIRE5|FREE2,,MAGIC,BRIGHTCYAN,,,,_silence,0,NO,NO,NO,NO,NO,NO,NO,NO,,,,,,,,,,,
Mute_downgraded,Inflict [silence]Silence,1,inflict(SILENCE);,Night Terrors,REQUIRE5,,MAGIC,BRIGHTCYAN,,,,_silence,0,NO,NO,NO,NO,NO,NO,NO,NO,,,,,,,,,,,
Haunt,Do [sword]<d6> damage[;]|Haunt [haunted]3 dice,1,attack(d); inflict(HAUNTED|3);,Night Terrors,REQUIRE6,,MAGIC,PURPLE,change_power,change_power,,_curse,0,NO,NO,NO,NO,NO,NO,NO,NO,,,,,,,,,,,
Haunt_upgraded,Do [sword]<d6> damage[;]|Haunt [haunted]3 dice,1,attack(d); inflict(HAUNTED|3);,Night Terrors,REQUIRE6|FREE2,,MAGIC,PURPLE,,,,_curse,0,NO,NO,NO,NO,NO,NO,NO,NO,,,,,,,,,,,
Haunt_downgraded,Haunt [haunted]3 dice,1,inflict(HAUNTED|3);,Night Terrors,REQUIRE6,,MAGIC,PURPLE,,,,_curse,0,NO,NO,NO,NO,NO,NO,NO,NO,,,,,,,,,,,
Forgery,Forgery|Permanently copy an|enemy equipment,2,var x = rand(getequipment(target)); addjestercard(x); giveequipment(x[;] true[;] false[;] e);,,,,BACKUP,GREEN,,,,useitem,0,YES,YES,YES,YES,NO,NO,NO,NO,,,,,,,,,,,e.preventdefault = true; e.maintainfury = true;
Trash,SCRAP|Scrap one of the other|cards in your hand,2,var gadgets = [~Barricade~[;]~Flash Freeze~[;]~Blowtorch~[;]~Megabump~[;]~Jackhammer~[;]~Stardust~[;]~Arctic Storm~[;]~Power Up~[;]~Refrigerator~[;]~Protection~[;]~Dramatic Pause~[;]~Stardust~]; var eqlist = []; for(x in [0[;]1[;]2[;]3]){ if(Deck.getcard(x)!=null&&Deck.getcard(x).equipment.name!=~Trash~){eqlist.push(x);}} var y = rand(eqlist);  giveequipment(gadgets[Deck.getcard(y).equipment.equipmentcol][;] true[;] false[;] e); Deck.getcard(y).delete();,Reversal,,,BACKUP,ORANGE,,,,useitem,0,YES,NO,NO,YES,NO,NO,NO,YES,,,,,,,,,,,e.preventdefault = true; e.maintainfury = true;
Calm Mind,Next equipment has +1 use,2,inflictself(~calm~); bonus(-1000);,Efficiency,NORMAL,,ITEM,PURPLE,,,,_recycle,0,YES,NO,YES,YES,NO,NO,NO,NO,,if (self.getvar(~calm_script_active~) != 1) {for (eq in self.equipment) {if (eq.name != ~Calm Mind~) { eq.scriptbeforeexecute = ~if(getstatusself(\~calm\~) > 0){++e.totalusesremaining; e.animate(\~flash\~); removestatusself(\~calm\~|1);}~ + eq.scriptbeforeexecute; trace(eq.scriptbeforeexecute);}} self.setvar(~calm_script_active~|1);},for (eq in self.equipment) {if (eq.name != ~Calm Mind~) { eq.scriptbeforeexecute = eq.scriptbeforeexecute.substr(125); trace(eq.scriptbeforeexecute.length);}} self.setvar(~calm_script_active~|0);,,,,,,,,
Trick,Swap equipment,2,var myoffer = [[]|[]]; var theiroffer = [[]|[]]; var mygive=~~; var mytake=~~; var n=3; if(self.equipment.length==1){self.textparticle(~Nice Try.~);}else{for(eq in self.equipment){ if(eq.skillcard == ~~ && eq.ready ){ trace(eq.name); myoffer[eq.size-1].push(eq.name); } }} for(eq in target.equipment){ trace(eq.name); theiroffer[eq.size-1].push(eq.name); } if(myoffer[0].length==0#theiroffer[0].length==0){n=1;}else{if(myoffer[1].length==0#theiroffer[1].length==0){n=0;}else{if(!(myoffer[0].length==0&&theiroffer[1].length==0)#(myoffer[1].length==0&&theiroffer[0].length==0)){n=rand([0|1]);}}} mygive=rand(myoffer[n]); mytake=rand(theiroffer[n]); trace(mytake+mygive); removeequipment(mygive|self); removeequipment(mytake|target); giveequipment(mytake|false|false); giveenemyequipment(mygive|false|false);,Reversal,COUNTDOWN,5,SKILLCARD,GRAY,,,,useitem,0,YES,NO,NO,NO,NO,NO,NO,YES,,,,,,,,,,,e.preventdefault = true; e.maintainfury = true;
Diamond Cutter,Do [sword]3 damage ,2,attack(3);,Fury,COUNTDOWN,5,WEAPON,RED,change_power,change_power,,useitem,0,NO,NO,NO,NO,NO,NO,NO,YES,,,,,,,,,,,
Diamond Cutter_upgraded,Do [sword]5 damage ,2,attack(5);,Fury,COUNTDOWN,5,WEAPON,RED,,,,useitem,0,NO,NO,NO,NO,NO,NO,NO,YES,,,,,,,,,,,
Diamond Cutter_downgraded,Do [sword]1 damage ,2,attack(1);,Fury,COUNTDOWN,5,WEAPON,RED,,,,useitem,0,NO,NO,NO,NO,NO,NO,NO,YES,,,,,,,,,,,
Execution,Should not appear,2,,Robot Roll,,,BACKUP,WHITE,,,,none,-1,YES,NO,NO,YES,NO,NO,NO,YES,,,,,self.setvar(~xjack~|self.roll_target); self.setvar(~xtotal~|self.roll_total);,self.setvar(~xjack~|self.roll_target); self.setvar(~xtotal~|self.roll_total);,,,,,
Sea Hammer,Do [sword]<d6> damage[;]|on [blind] do 7 instead,2,if(actualdice[0].blind){attack(7);}else{attack(d);},Plasma Gun,NORMAL,,WEAPON,PURPLE,reducesize,decreaserange,,_damage,0,NO,NO,NO,NO,NO,NO,NO,NO,,,,,,,,,,,
Sea Hammer_deckupgrade,Do [sword]<d6> damage[;]|on [blind] do 9 instead,2,if(actualdice[0].blind){attack(9);}else{attack(d);},Plasma Gun,NORMAL,,WEAPON,PURPLE,,,,_damage,0,NO,NO,NO,NO,NO,NO,NO,NO,,,,,,,,,,,
Rosepetal Spear,Do [sword][blind] damage,2,if(d == 3 # d == 5){attack((d-1)*2);} },Shuriken,NORMAL,,WEAPON,RED,change_power,complicate,,_damage,0,NO,NO,NO,NO,NO,NO,NO,NO,,,,,,,,,,,
Rosepetal Spear_upgraded,Do [sword][blind] damage,2,if(d == 3 # d == 5){attack((d-1)*3);} },Shuriken,NORMAL,,WEAPON,YELLOW,,,,_damage,0,NO,NO,NO,NO,NO,NO,NO,NO,,,,,,,,,,,
Bullseye Staff,Do [fire]4 damage[;]|double if [blind],2,var total = 0; for(x in e.dicehistory){total+=x.basevalue;}; if(total == e.countdown){attack(8);}else{attack(4);},Shuriken,COUNTDOWN,8,WEAPON,RED,threequartercountdown,change_power,,_fire,0,NO,NO,NO,NO,NO,NO,NO,NO,,,,,,,,,,,
Bullseye Staff_weakened,Do [fire]4 damage[;]|double if [blind],2,var total = 0; for(x in e.dicehistory){total+=x.basevalue;}; if(total == e.countdown){attack(8|FIRE);}else{attack(4|FIRE);},Shuriken,COUNTDOWN,6,WEAPON,RED,,,,_fire,0,NO,NO,NO,NO,NO,NO,NO,NO,,,,,,,,,,,
Bullseye Staff_downgraded,Do [fire]4 damage[;]|double if [blind],2,var total = 0; for(x in e.dicehistory){total+=x.basevalue;}; if(total == e.countdown){attack(8|FIRE);}else{attack(4|FIRE);},Shuriken,COUNTDOWN,8,WEAPON,RED,,,,_fire,0,NO,NO,NO,NO,NO,NO,NO,NO,,,,,,,,,,,
Staff of Keys,Do [sword]4 damage[;]|+1 for [blind],2,attack(4+e.dicehistory.length);,Magic Lockpick,COUNTDOWN,8,WEAPON,RED,reducesize,change_power,,_damage,0,NO,NO,YES,NO,NO,NO,NO,NO,,e.setvar(~dicecount~|e.dicehistory.length * 2); ,e.setvar(~dicecount~|e.dicehistory.length * 2); ,e.setvar(~dicecount~|e.dicehistory.length * 2); ,,e.setvar(~dicecount~|e.dicehistory.length * 2); ,e.setvar(~dicecount~|e.dicehistory.length * 2); ,,e.setvar(~dicecount~|e.dicehistory.length * 2); ,,
Staff of Keys_deckupgrade,Do [sword]6 damage[;]|+1 for [blind],2,attack(6+e.dicehistory.length);,Magic Lockpick,COUNTDOWN,8,WEAPON,RED,,,,_damage,0,NO,NO,YES,NO,NO,NO,NO,NO,,e.setvar(~dicecount~|e.dicehistory.length * 2); ,e.setvar(~dicecount~|e.dicehistory.length * 2); ,e.setvar(~dicecount~|e.dicehistory.length * 2); ,,e.setvar(~dicecount~|e.dicehistory.length * 2); ,e.setvar(~dicecount~|e.dicehistory.length * 2); ,,e.setvar(~dicecount~|e.dicehistory.length * 2); ,,
Staff of Keys_downgraded,Do [sword]2 damage[;]|+1 for [blind],2,attack(2+e.dicehistory.length);,Magic Lockpick,COUNTDOWN,8,WEAPON,RED,,,,_damage,0,NO,NO,YES,NO,NO,NO,NO,NO,,e.setvar(~dicecount~|e.dicehistory.length * 2); ,e.setvar(~dicecount~|e.dicehistory.length * 2); ,e.setvar(~dicecount~|e.dicehistory.length * 2); ,,e.setvar(~dicecount~|e.dicehistory.length * 2); ,e.setvar(~dicecount~|e.dicehistory.length * 2); ,,e.setvar(~dicecount~|e.dicehistory.length * 2); ,,
Staff of Keys_weakened,Do [sword]2 damage[;]|+1 for [blind],1,attack(2+e.dicehistory.length);,Magic Lockpick,COUNTDOWN,8,WEAPON,RED,,,,_damage,0,NO,NO,YES,NO,NO,NO,NO,NO,,e.setvar(~dicecount~|e.dicehistory.length * 2); ,e.setvar(~dicecount~|e.dicehistory.length * 2); ,e.setvar(~dicecount~|e.dicehistory.length * 2); ,,e.setvar(~dicecount~|e.dicehistory.length * 2); ,e.setvar(~dicecount~|e.dicehistory.length * 2); ,,e.setvar(~dicecount~|e.dicehistory.length * 2); ,,
Glass Hammer,Do [ice]<d6> damage[;]|on [blind] inflict [ice]Freeze,2,attack(d | ICE); if(d == 1) inflict(ICE); if(d >1) { sfxdamage(target|d); } else { sfxdamage(target|d); sfx(~_ice~|~~|0.2); },Refrigerator,NORMAL,,WEAPON,CYAN,reducesize,change_power,,,0,NO,NO,NO,NO,NO,NO,NO,NO,,,,,,,,,,,
Glass Hammer_downgraded,Do [ice]<d6> damage,2,attack(d | ICE);,Refrigerator,NORMAL,,WEAPON,CYAN,,,,_damage,0,NO,NO,NO,NO,NO,NO,NO,NO,,,,,,,,,,,
Glass Hammer_weakened,Do [ice]<d6> damage,1,attack(d | ICE);,Refrigerator,NORMAL,,WEAPON,CYAN,,,,_damage,0,NO,NO,NO,NO,NO,NO,NO,NO,,,,,,,,,,,
Glass Hammer_deckupgrade,Do [ice]<d6> damage|[ice]Freezes the enemy,2,attack(d| ICE); inflict(ICE);,Refrigerator,NORMAL,,WEAPON,CYAN,,,,_ice,0,NO,NO,NO,NO,NO,NO,NO,NO,,,,,,,,,,,
Glass Whip,Do [fire]<d6> damage[;]|on [blind] inflict [fire]1 Burn,2,attack(d | FIRE); if(d == 1) inflict(FIRE); if(d > 1) { sfxdamage(target|d); } else { sfxdamage(target|d); sfx(~_fire~|~~|0.2); },Ember,NORMAL,,WEAPON,RED,reducesize,change_power,,,0,NO,NO,NO,NO,NO,NO,NO,NO,,,,,,,,,,,
Glass Whip_downgraded,Do [fire]<d6> damage,2,attack(d | FIRE);,Ember,NORMAL,,WEAPON,RED,,,,_damage,0,NO,NO,NO,NO,NO,NO,NO,NO,,,,,,,,,,,
Glass Whip_weakened,Do [fire]<d6> damage,1,attack(d | FIRE);,Ember,NORMAL,,WEAPON,RED,,,,_damage,0,NO,NO,NO,NO,NO,NO,NO,NO,,,,,,,,,,,
Glass Whip_deckupgrade,Do [fire]<d6> damage|[fire]Burns the enemy,2,attack(d| FIRE); inflict(FIRE);,Ember,NORMAL,,WEAPON,RED,,,,_fire,0,NO,NO,NO,NO,NO,NO,NO,NO,,,,,,,,,,,
Sword of Extremes,Do [sword][blind] damage,2,if(d<=7){attack(2*(7-d));}else{attack(2*(d-7);},Plasma Gun,NORMAL|NORMAL,,WEAPON,RED,change_power,change_power,,_damage,0,NO,NO,NO,NO,NO,NO,NO,NO,,,,,,,,,,,
Sword of Extremes_upgraded,Do [sword][blind]+2 damage,2,if(d<=7){attack(2*(8-d));}else{attack(2*(d-6);},Plasma Gun,NORMAL|NORMAL,,WEAPON,RED,,,,_damage,0,NO,NO,NO,NO,NO,NO,NO,NO,,,,,,,,,,,
Sword of Extremes_downgraded,Do [sword][blind] damage,2,if(d<=7){attack(2*(7-d));}else{attack(2*(d-7)},Plasma Gun,ODD|EVEN,,WEAPON,RED,,,,_damage,0,NO,NO,NO,NO,NO,NO,NO,NO,,,,,,,,,,,
Longsword,Do [sword][blind] damage,2,var bigdice = 0; var smalldice = 7; for(ad in actualdice) { if(ad.basevalue > bigdice) bigdice = ad.basevalue; if(ad.basevalue < smalldice) smalldice = ad.basevalue; } if((bigdice - smalldice) >= 1) { attack((2 * bigdice) - smalldice); },Replicate,NORMAL|NORMAL,,WEAPON,,change_description,decreaserange,,_damage,0,NO,NO,YES,NO,NO,NO,NO,NO,,,,,,,,,,,
Longsword_upgraded,Do [sword][blind] damage[;]|on 11[;] [lock]lock 1 dice,2,var bigdice = 0; var smalldice = 7; for(ad in actualdice) { if(ad.basevalue > bigdice) bigdice = ad.basevalue; if(ad.basevalue < smalldice) smalldice = ad.basevalue; } if((bigdice - smalldice) >= 1) { attack((2 * bigdice) - smalldice); } if((2 * bigdice) - smalldice == 11){inflict(LOCK); sfx(~_lock~|~~|0.2);},Replicate,NORMAL|NORMAL,,WEAPON,,,,,_damage,0,NO,NO,YES,NO,NO,NO,NO,NO,,,,,,,,,,,
Moon Peashooter,Do [sword]2 damage[;]|on [blind] do double|[gray](Reuseable),1,var total = 0; for(x in e.dicehistory){if(x.basevalue==6){total=2;}}; attack(2+total);,Pea Gun,COUNTDOWN,5,WEAPON,,change_power,change_power,,_plasma,-1,NO,NO,NO,NO,NO,NO,NO,NO,,,,,,,,,,,
Moon Peashooter_downgraded,Do [sword]1 damage[;]|on [blind] do double|[gray](Reuseable),1,var total = 0; for(x in e.dicehistory){if(x.basevalue==6){total=1;}}; attack(1+total);,Pea Gun,COUNTDOWN,5,WEAPON,,,,,_plasma,-1,NO,NO,NO,NO,NO,NO,NO,NO,,,,,,,,,,,
Moon Peashooter_upgraded,Do [sword]3 damage[;]|on [blind] do double|[gray](Reuseable),1,var total = 0; for(x in e.dicehistory){if(x.basevalue==6){total=3;}}; attack(3+total);,Pea Gun,COUNTDOWN,5,WEAPON,,,,,_plasma,-1,NO,NO,NO,NO,NO,NO,NO,NO,,,,,,,,,,,
Golden Charm,Roll 2 [blind] dice,1,inflictself(BLIND[;]2); sfx(~_blind~); givedice([rand([2|4|6])|rand([2|4|6])]);,Magic Dice,COUNTDOWN,8,ITEM,YELLOW,halfcountdown,change_power,,,0,YES,NO,YES,NO,NO,NO,NO,NO,1,,,,,,,,,,
Golden Charm_weakened,Roll 1 [blind] dice,1,inflictself(BLIND); sfx(~_blind~); givedice(rand([2|4|6]));,Magic Dice,COUNTDOWN,4,ITEM,YELLOW,,,,,0,YES,NO,YES,NO,NO,NO,NO,NO,,,,,,,,,,,
Golden Charm_downgraded,Roll 1 [blind] dice,1,inflictself(BLIND); sfx(~_blind~); givedice(rand([2|4|6]));,Magic Dice,COUNTDOWN,8,ITEM,YELLOW,,,,,0,YES,NO,YES,NO,NO,NO,NO,NO,,,,,,,,,,,
Silver Charm,Roll 2 [blind] dice,1,inflictself(BLIND[;]2); sfx(~_blind~); givedice([rand([1|3|5])|rand([1|3|5])]);,Magic Dice,COUNTDOWN,8,ITEM,GRAY,halfcountdown,change_power,,,0,YES,NO,YES,NO,NO,NO,NO,NO,1,,,,,,,,,,
Silver Charm_downgraded,Roll 1 [blind] dice,1,inflictself(BLIND); sfx(~_blind~); givedice(rand([1|3|5]));,Magic Dice,COUNTDOWN,8,ITEM,GRAY,,,,,0,YES,NO,YES,NO,NO,NO,NO,NO,,,,,,,,,,,
Silver Charm_weakened,Roll 1 [blind] dice,1,inflictself(BLIND); sfx(~_blind~); givedice(rand([1|3|5]));,Magic Dice,COUNTDOWN,4,ITEM,GRAY,,,,,0,YES,NO,YES,NO,NO,NO,NO,NO,,,,,,,,,,,
Vengeful Dagger,Do [sword]<d6> damage[;]|double if [blind]|[gray](Reuseable),1,if(e.charge>=7){attack(d*2);}else{attack(d);},Steal,MAX3,,WEAPON,,change_power,complicate,,_damage,-1,NO,NO,NO,NO,NO,NO,NO,NO,,,,,,,,e.charge=0;,,,
Vengeful Dagger_upgraded,Do [sword]<d6> damage[;]|+3 if [blind]|[gray](Reuseable),1,if(e.charge>=7){attack(d+3);}else{attack(d);},Steal,MAX3,,WEAPON,,,,,_damage,-1,NO,NO,NO,NO,NO,NO,NO,NO,,,,,,,,e.charge=0;,,,
Crystal Whip,Do [fire]<d6> damage[;]|on [blind] gain [fury]Fury,2,attack(d | FIRE); if(e.getvar(~crystal~)&&d==6){inflictself(FURY); e.setvar(~crystal~|false);},Blowtorch,NORMAL,,WEAPON,RED,reducesize,change_power,,_fire,0,NO,NO,NO,NO,NO,NO,NO,NO,,,,e.setvar(~crystal~|true); ,,,,,,,donothing();
Crystal Whip_downgraded,Do [fire]<d6> damage[;]|on [blind] [recycle]Re-equip_Next,2,attack(d | FIRE); if(e.getvar(~crystal~)&&d==6){inflictself(REEQUIPNEXT); e.setvar(~crystal~|false);},Blowtorch,NORMAL,,WEAPON,RED,,,,_fire,0,NO,NO,NO,NO,NO,NO,NO,NO,,,,,,,,,,,donothing();
Crystal Whip_weakened,Do [fire]<d6> damage[;]|on [blind] [recycle]Re-equip_Next,1,attack(d | FIRE); if(e.getvar(~crystal~)&&d==6){inflictself(REEQUIPNEXT); e.setvar(~crystal~|false);},Blowtorch,NORMAL,,WEAPON,RED,,,,_fire,0,NO,NO,NO,NO,NO,NO,NO,NO,,,,,,,,,,,donothing();
Throwing Star,[poison][fire][blind][shock][weaken][ice],1,var temp = 0; var statuslist=[POISON|FIRE|BLIND|SHOCK|WEAKEN|ICE]; for(dx in self.dicepool) { if(dx.available()){temp++; inflict(statuslist[dx.basevalue-1]);}} for(i in 0 ... temp){throwdice(self|target|i*0.01);},Stardust,NORMAL,,WEAPON,RED,change_power,noeffect,,none,0,YES,NO,NO,NO,NO,NO,NO,NO,,,,,,,,,,,
Throwing Star_upgraded,[poison][fire][blind][shock][weaken][ice],1,var temp = 0; var statuslist=[POISON|FIRE|BLIND|SHOCK|WEAKEN|ICE]; for(dx in self.dicepool) { if(dx.available()){temp++; dx.animate(~fire~); inflict(statuslist[dx.basevalue-1]);}} for(i in 0 ... temp){throwdice(self|target|i*0.01);},Stardust,NORMAL,,WEAPON,YELLOW,,,,none,0,YES,NO,NO,NO,NO,NO,NO,NO,,,,,,,,,,,
Tipped Scale,Do [sword][blind] damage[;]| restore [heal][blind] health,1,var dx = e.dicehistory[e.dicehistory.length-1]; attack(7-dx); attackself(-dx);,Blood Sip,COUNTDOWN,7,MAGIC,PURPLE,change_power,change_power,,_drain,0,NO,NO,NO,NO,NO,NO,NO,NO,,,,,,,,,,,
Tipped Scale_upgraded,Do [sword][blind] damage[;]| restore [heal][blind] health,1,var dx = e.dicehistory[e.dicehistory.length-1]; attack(8-dx); attackself(-dx-1);,Blood Sip,COUNTDOWN,9,MAGIC,PURPLE,,,,_drain,0,NO,NO,NO,NO,NO,NO,NO,NO,,,,,,,,,,,
Tipped Scale_downgraded,Do [sword][blind] damage[;]| restore [heal][blind] health,1,var dx = e.dicehistory[e.dicehistory.length-1]; attack(6-dx); attackself(1-dx);,Blood Sip,COUNTDOWN,7,MAGIC,PURPLE,,,,_drain,0,NO,NO,NO,NO,NO,NO,NO,NO,,,,,,,,,,,
Tipped Scale_weakened,Do [sword][blind] damage[;]| restore [heal][blind] health,1,var dx = e.dicehistory[e.dicehistory.length-1]; attack(7-dx); attackself(-dx);,Blood Sip,COUNTDOWN,9,MAGIC,PURPLE,,,,_drain,0,NO,NO,NO,NO,NO,NO,NO,NO,,,,,,,,,,,
Mirror Wrench,Combine dice[;] on [blind]|get +1 dice this fight,1,givedice(d); if(d%6==0){self.extradice++;},Infinity Mirror,NORMAL|NORMAL,,ITEM,GREEN,change_power,change_power,,magic_gaindice,0,YES,NO,NO,NO,NO,NO,NO,NO,,,,,,,,,,,
Mirror Wrench_upgraded,Combine dice[;] on [blind]|get +1 dice this fight,1,givedice(d); if(d%3==0){self.extradice++;},Infinity Mirror,NORMAL|NORMAL,,ITEM,PURPLE,,,,magic_gaindice,0,YES,NO,NO,NO,NO,NO,NO,NO,,,,,,,,,,,
Mirror Wrench_downgraded,Combine dice[;] on [blind]|get +1 dice this fight,1,givedice(d); if(d==12){self.extradice++;},Infinity Mirror,NORMAL|NORMAL,,ITEM,GRAY,,,,magic_gaindice,0,YES,NO,NO,NO,NO,NO,NO,NO,,,,,,,,,,,
Rainbow Cannon,Do [sword]10 damage[;]|on [blind] do double,1,var dmg = 10; var clist = []; for(dx in e.dicehistory){if(clist.indexOf(dx.basevalue) == -1){ clist.push(dx.basevalue);} } if(clist.length==6){dmg=dmg*2;} attack(dmg); sfxdamage(target|dmg);,Plasma Gun,COUNTDOWN,21,WEAPON,RED,change_power,change_power,,none,0,NO,NO,NO,NO,NO,NO,NO,NO,,,,,,,,,,,
Rainbow Cannon_upgraded,Do [sword]14 damage[;]|on [blind] do double,1,var dmg = 14; var clist = []; for(dx in e.dicehistory){if(clist.indexOf(dx.basevalue) == -1){ clist.push(dx.basevalue);} } if(clist.length==6){dmg=dmg*2;} attack(dmg); sfxdamage(target|dmg);,Plasma Gun,COUNTDOWN,21,WEAPON,RED,,,,none,0,NO,NO,NO,NO,NO,NO,NO,NO,,,,,,,,,,,
Rainbow Cannon_downgraded,Do [sword]5 damage[;]|on [blind] do double,1,var dmg = 5; var clist = []; for(dx in e.dicehistory){if(clist.indexOf(dx.basevalue) == -1){ clist.push(dx.basevalue);} } if(clist.length==6){dmg=dmg*2;} attack(dmg); sfxdamage(target|dmg);,Plasma Gun,COUNTDOWN,21,WEAPON,RED,,,,none,0,NO,NO,NO,NO,NO,NO,NO,NO,,,,,,,,,,,
Warm Gear,[fire],1,inflict(FIRE);,Blowtorch,MIN4,,WEAPON,RED,change_power,complicate,,_fire,0,NO,NO,NO,NO,NO,NO,NO,NO,,,,,,,,,if(d == 6) { givedice(d);},,
Cold Gear,[ice],1,inflict(ICE);,Refrigerator,ODD,,WEAPON,BRIGHTCYAN,change_power,complicate,,_ice,0,NO,NO,NO,NO,NO,NO,NO,NO,,,,,,,,,if(d == 1) { givedice(d);},,
Grinding Gear,[weaken],1,inflict(WEAKEN);,Theremin,MAX4,,WEAPON,ORANGE,change_power,complicate,,_weaken,0,NO,NO,NO,NO,NO,NO,NO,NO,,,,,,,,,if(d == 4) { givedice(d);},,
Heavy Gear,[shock],1,inflict(SHOCK);,Static Shock,EVEN,,WEAPON,YELLOW,change_power,complicate,,_shock,0,NO,NO,NO,NO,NO,NO,NO,NO,,,,,,,,,if(d == 2) { givedice(d);},,
Strange Gun,,1,attack(d-2);  ,Plasma Gun,NORMAL,,WEAPON,GRAY,add1,complicate,,_damage,0,NO,NO,NO,NO,NO,NO,YES,NO,,,,,,,,,,,
Blank Ring,,1,var dicelist = []; for (mydice in self.dicepool){ if (mydice.available()){ dicelist.push(mydice); } } if(dicelist.length > 0) { givedice(dicelist[dicelist.length-1].basevalue); },Magic Dice,NORMAL,,ITEM,GRAY,add1,complicate,,useitem,0,YES,NO,NO,NO,NO,NO,YES,NO,,,,,,,,,,,
Broken Lock,,1,var a = []; var x = d; while(x > 1){ a.push(2); x-=2; }; givedice(a[;]~splitdice~);,Magic Lockpick,NORMAL,,ITEM,GRAY,add1,complicate,,,0,YES,NO,NO,NO,NO,NO,YES,NO,,,,,,,,,,,
Closed Box,,1,if(d>3){ givedice(d-3); }else{ givedice(d+3); };,Megabump,NORMAL,,ITEM,GRAY,add1,complicate,,,0,YES,NO,NO,NO,NO,NO,YES,NO,,,,,,,,,,,
Blank Ring_upgraded,,1,var dicelist = []; for (mydice in self.dicepool){ if (mydice.available()){ dicelist.push(mydice); } } if(dicelist.length > 0) { givedice(dicelist[dicelist.length].basevalue+1); },Magic Dice,NORMAL|FREE1,,ITEM,GRAY,,,,useitem,0,YES,NO,NO,NO,NO,NO,YES,NO,,,,,,,,,,,
Unmarked Key,,1,var dicearray = []; var flag = 0; for(mydice in self.dicepool){if(mydice.available){if(mydice.basevalue == d){if(flag == 0){flag = 1;}else{dicearray = dicearray.concat(7-d); mydice.removedice(self.screenposition());};};};}; givedice(dicearray);,Replicate,NORMAL,,ITEM,GRAY,add1,complicate,,useitem,0,YES,NO,NO,NO,NO,NO,YES,NO,,,,,,,,,,,
Warm Gear_upgraded,[fire],1,inflict(FIRE);,Blowtorch,NORMAL,,WEAPON,RED,,,,_fire,0,NO,NO,NO,NO,NO,NO,NO,NO,,,,,,,,,if(d >= 4) { givedice(d);},,
Cold Gear_upgraded,[ice],1,inflict(ICE);,Refrigerator,NORMAL,,WEAPON,BRIGHTCYAN,,,,_ice,0,NO,NO,NO,NO,NO,NO,NO,NO,,,,,,,,,if(d%2 == 1) { givedice(d);},,
Grinding Gear_upgraded,[weaken],1,inflict(WEAKEN);,Theremin,NORMAL,,WEAPON,ORANGE,,,,_weaken,0,NO,NO,NO,NO,NO,NO,NO,NO,,,,,,,,,if(d <= 4) { givedice(d);},,
Heavy Gear_upgraded,[shock],1,inflict(SHOCK);,Static Shock,NORMAL,,WEAPON,YELLOW,,,,_shock,0,NO,NO,NO,NO,NO,NO,NO,NO,,,,,,,,,if(d%2 == 0) { givedice(d);},,
Two Leaf Clover,Duplicate a dice?,1,givedice([d|7-d]);,Replicate,MIN4,,ITEM,GREEN,simplify,complicate,,,0,YES,NO,NO,NO,NO,NO,NO,NO,,,,,,,,,,,
Peculiar Potion,Do [poison]<d6> damage?,2,if(d > 3){ inflict(POISON|d-3);}else{attack(d|POISON);},Poison Arrow,NORMAL,,WEAPON,PURPLE,change_power,complicate,,_poison,0,NO,NO,YES,NO,NO,NO,NO,NO,,,,,,,,,,,
Peculiar Potion_upgraded,Do [poison]<d6> damage?,2,if(d > 5){ inflict(POISON|d-4);}else{attack(d|POISON);},Poison Arrow,NORMAL|FREE2,,WEAPON,PURPLE,,,,_poison,0,NO,NO,YES,NO,NO,NO,NO,NO,,,,,,,,,,,
Hatchblade,A curious dagger|Get a reward if [blind],1,attack(1); if(target.hp <= 0){ self.setvar(~Hatchblade~|1);},Fury,DOUBLES|DOUBLES,,ITEM,RED,change_power,change_power,,_mana,0,NO,NO,YES,NO,NO,NO,NO,NO,1,,if(self.getvar(~Hatchblade~)>0){giveequipment(~Hatchblade+~| true| false| e); self.setvar(~Hatchblade~|0);},,,,,,,,
Hatchblade_upgraded,A curious dagger|Get a reward if [blind],1,attack(1); if(target.hp <= 0){ self.setvar(~Hatchblade~|1);},Clone Device,DOUBLES|DOUBLES,,ITEM,RED,,,,_mana,0,NO,NO,YES,NO,NO,NO,NO,NO,,,if(self.getvar(~Hatchblade~)>0){giveequipment(rand([~Magic Spear~|~Teleport Spell~|~Fury Spell~|~The Cold~|~Polar Star~|~Bronze Cauldron~|~Flaming Sword~|~Fishing Net~|~Doppeltwice~|~Hookshot~])| true| false| e); self.setvar(~Hatchblade~|0);},,,,,,,,
Hatchblade_downgraded,A curious dagger|Get a reward if [blind],1,attack(1); if(target.hp <= 0){ self.setvar(~Hatchblade~|1);},Fury,REQUIRE6|REQUIRE6,,ITEM,RED,,,,_mana,0,NO,NO,YES,NO,NO,NO,NO,NO,,,if(self.getvar(~Hatchblade~)>0){giveequipment(~Hatchblade+~| true| false| e); self.setvar(~Hatchblade~|0);},,,,,,,,
Hatchblade_weakened,A curious dagger|Get a reward if [blind],1,attack(1); if(target.hp <= 0){ self.setvar(~Hatchblade~|1);},Clone Device,REQUIRE6|REQUIRE6,,ITEM,RED,,,,_mana,0,NO,NO,YES,NO,NO,NO,NO,NO,,,if(self.getvar(~Hatchblade~)>0){giveequipment(rand([~Magic Spear~|~Teleport Spell~|~Fury Spell~|~The Cold~|~Polar Star~|~Bronze Cauldron~|~Flaming Sword~|~Fishing Net~|~Doppeltwice~|~Hookshot~])| true| false| e); self.setvar(~Hatchblade~|0);},,,,,,,,
Matroyshka@6,Do [sword]<d6> damage|[blind][blind][blind] ,1,attack(d); giveequipment(~Matroyshka@5~| true| false| e);,Time Stop,REQUIRE6,,ITEM,YELLOW,change_power,doublerequirements,,_damage,0,NO,NO,YES,YES,NO,NO,NO,NO,,,,,,,,,,,e.preventdefault = true; e.maintainfury = true;
Matroyshka@6_upgraded,Do [sword]<d6> damage|[blind][blind][blind] ,1,attack(d); giveequipment(~Matroyshka@5+~| true| false| e);,Time Stop,MIN5,,ITEM,YELLOW,,,,_damage,0,NO,NO,YES,YES,NO,NO,NO,NO,,,,,,,,,,,e.preventdefault = true; e.maintainfury = true;
Matroyshka@5,Do [sword]<d6> damage|[blind][blind][blind] ,1,attack(d); giveequipment(~Matroyshka@4~| true| false| e);,Time Stop,REQUIRE5,,ITEM,YELLOW,change_power,doublerequirements,,_damage,0,NO,NO,YES,YES,NO,NO,NO,NO,,,,,,,,,,,e.preventdefault = true; e.maintainfury = true;
Matroyshka@5_upgraded,Do [sword]<d6> damage|[blind][blind][blind] ,1,attack(d); giveequipment(~Matroyshka@4+~| true| false| e);,Time Stop,RANGE45,,ITEM,YELLOW,,,,_damage,0,NO,NO,YES,YES,NO,NO,NO,NO,,,,,,,,,,,e.preventdefault = true; e.maintainfury = true;
Matroyshka@4,Do [sword]<d6> damage|[blind][blind][blind] ,1,attack(d); giveequipment(~Matroyshka@3~| true| false| e);,Time Stop,REQUIRE4,,ITEM,YELLOW,change_power,doublerequirements,,_damage,0,NO,NO,YES,YES,NO,NO,NO,NO,,,,,,,,,,,e.preventdefault = true; e.maintainfury = true;
Matroyshka@4_upgraded,Do [sword]<d6> damage|[blind][blind][blind] ,1,attack(d); giveequipment(~Matroyshka@3+~| true| false| e);,Time Stop,RANGE34,,ITEM,YELLOW,,,,_damage,0,NO,NO,YES,YES,NO,NO,NO,NO,,,,,,,,,,,e.preventdefault = true; e.maintainfury = true;
Matroyshka@3,Do [sword]<d6> damage|[blind][blind][blind] ,1,attack(d); giveequipment(~Matroyshka@2~| true| false| e);,Time Stop,REQUIRE3,,ITEM,YELLOW,change_power,doublerequirements,,_damage,0,NO,NO,YES,YES,NO,NO,NO,NO,,,,,,,,,,,e.preventdefault = true; e.maintainfury = true;
Matroyshka@3_upgraded,Do [sword]<d6> damage|[blind][blind][blind] ,1,attack(d); giveequipment(~Matroyshka@2+~| true| false| e);,Time Stop,RANGE23,,ITEM,YELLOW,,,,_damage,0,NO,NO,YES,YES,NO,NO,NO,NO,,,,,,,,,,,e.preventdefault = true; e.maintainfury = true;
Matroyshka@2,Do [sword]<d6> damage|[blind][blind][blind] ,1,attack(d); giveequipment(~Matroyshka@1~| true| false| e);,Time Stop,REQUIRE2,,ITEM,YELLOW,change_power,doublerequirements,,_damage,0,NO,NO,YES,YES,NO,NO,NO,NO,,,,,,,,,,,e.preventdefault = true; e.maintainfury = true;
Matroyshka@2_upgraded,Do [sword]<d6> damage|[blind][blind][blind] ,1,attack(d); giveequipment(~Matroyshka@1+~| true| false| e);,Time Stop,MAX2,,ITEM,YELLOW,,,,_damage,0,NO,NO,YES,YES,NO,NO,NO,NO,,,,,,,,,,,e.preventdefault = true; e.maintainfury = true;
Matroyshka@1,It's beautiful...,1,inflictself(EXTRATURN); e.availablethisturn=false; e.availablenextturn=false;,Time Stop,REQUIRE1,,ITEM,YELLOW,change_power,doublerequirements,,_magic,0,NO,YES,YES,YES,NO,NO,NO,NO,,,,if(turn == 1) { e.create(~Matroyshka@6~); },,,,,,,e.preventdefault = true; e.maintainfury = true;
Matroyshka@1_upgraded,It's beautiful...,1,inflictself(EXTRATURN); e.availablethisturn=false; e.availablenextturn=false;,Time Stop,NORMAL,,ITEM,YELLOW,,,,_magic,0,NO,YES,YES,YES,NO,NO,NO,NO,,,,if(turn == 1) { e.create(~Matroyshka@6~|true); },,,,,,,e.preventdefault = true; e.maintainfury = true;
Baffling Blueprint,Illegible blueprints.|What could they be for?,1,,Drawing Board,,,ITEM,BLUE,change_power,change_power,,none,0,NO,NO,YES,YES,NO,NO,NO,NO,,,,,,,,,,,
Baffling Blueprint_upgraded,So that's what that meant!,1,,Tools of Creation,,,ITEM,BLUE,,,,none,0,NO,NO,YES,YES,NO,NO,NO,NO,,,,,,,,,,,
Baffling Blueprint_downgraded,Illegible blueprints.|What could they be for?,1,,Drawing Board,,,ITEM,BLUE,,,,none,0,NO,NO,YES,YES,NO,NO,NO,NO,,,,,,,,,,,
Baffling Blueprint_weakened,So that's what that meant!,1,,Tools of Creation,,,ITEM,BLUE,,,,none,0,NO,NO,YES,YES,NO,NO,NO,NO,,,,,,,,,,,
Puzzle Box,There must be a key...,1,var tick=self.getvar(~tick~); if(d==tick){if(tick==2){giveequipment(~Precious Trinket~|true|false); self.setvar(~tick~|12); self.equipment.remove(e);}else{self.setvar(~tick~|d-1); self.textparticle(~Click!~);}} givedice([actualdice[0].basevalue|actualdice[1].basevalue]);,Bear Smash,NORMAL|NORMAL,,ITEM,GREEN,change_power,change_power,,_mana,0,YES,NO,YES,YES,NO,NO,NO,NO,,,,var tick=self.getvar(~tick~); trace(tick); if(tick==0){self.setvar(~tick~|12);},,,,,,,e.preventdefault = true; e.maintainfury = true;
Puzzle Box_upgraded,There must be a key...,2,var tick=self.getvar(~tick~); if(d==tick){if(tick==2){giveequipment(~Precious Trinket~|true|false); giveequipment(~Precious Trinket~|true|false); self.setvar(~tick~|12); sfx(~levelup~); self.equipment.remove(e);}else{self.setvar(~tick~|d-1); self.textparticle(~Click!~);}} givedice([actualdice[0].basevalue|actualdice[1].basevalue]);,Bear Smash,NORMAL|NORMAL,,ITEM,GREEN,,,,_mana,0,YES,NO,YES,YES,NO,NO,NO,NO,,,,var tick=self.getvar(~tick~); trace(tick); if(tick==0){self.setvar(~tick~|12);},,,,,,,e.preventdefault = true; e.maintainfury = true;
Puzzle Box_downgraded,There must be a key...,1,var tick=self.getvar(~tick~); if(d==tick){if(tick==2){giveequipment(~Precious Trinket~|true|false); self.setvar(~tick~|12);}else{self.setvar(~tick~|d-1); self.textparticle(~Click!~); self.equipment.remove(e);}} givedice([actualdice[0].basevalue|actualdice[1].basevalue]);,Bear Smash,,,ITEM,GREEN,,,,_mana,0,YES,NO,YES,YES,NO,NO,NO,NO,,,,var tick=self.getvar(~tick~); trace(tick); if(tick==0){self.setvar(~tick~|12);},,,,,,,e.preventdefault = true; e.maintainfury = true;
Puzzle Box_weakened,There must be a key...,2,var tick=self.getvar(~tick~); if(d==tick){if(tick==2){giveequipment(~Precious Trinket~|true|false); giveequipment(~Precious Trinket~|true|false); self.setvar(~tick~|12); sfx(~levelup~); self.equipment.remove(e);}else{self.setvar(~tick~|d-1); self.textparticle(~Click!~);}} givedice([actualdice[0].basevalue|actualdice[1].basevalue]);,Bear Smash,,,ITEM,GREEN,,,,_mana,0,YES,NO,YES,YES,NO,NO,NO,NO,,,,var tick=self.getvar(~tick~); trace(tick); if(tick==0){self.setvar(~tick~|12);},,,,,,,e.preventdefault = true; e.maintainfury = true;
Precious Trinket,Upgrade and Copy your <d6>th equipment,1,var eqlist = []; var spaceused=0; for(eq in self.equipment){ if(eq.skillcard == ~~ ){ trace(eq.name + ~+~); eqlist.push(eq); spaceused+=size;} } trace(eqlist.length); if(eqlist.length<d){ givedice(d); self.textparticle(~Less than ~+d+~ Equipment!~); } else{ if(spaceused+eqlist[d-1].size>7){givedice(d); self.textparticle(~Not Enough Space!~);}else{giveequipment(eqlist[d-1].name + ~+~|true|false|e)} ; },Clone Device,NORMAL,,ITEM,YELLOW,,,,useitem,0,YES,NO,YES,NO,NO,NO,NO,NO,,,,,,,,,,,e.preventdefault = true; e.maintainfury = true;
Catalyst,Do [sword]1 damage for|every [poison]1 on enemy,1,attack(getstatus(POISON)|POISON);,Emetic,ODD,,MAGIC,PURPLE,simplify,complicate,,_poison,0,NO,NO,NO,NO,NO,NO,NO,NO,,,,,,,,,,,
Iron Cauldron,Do [sword]2[;] get an even dice|[gray](Reuseable),1,attack(2); givedice(rand([2|4|6]));,,ODD,,MAGIC,ORANGE,change_power,change_power,,_damage,3,NO,NO,YES,NO,NO,NO,NO,NO,1,,,,,,,,,,
Iron Cauldron_upgraded,Do [sword]2[;] get an even dice|[gray](Reuseable),1,attack(2); givedice(rand([2|4|6]));,,ODD,,MAGIC,ORANGE,,,,_damage,5,NO,NO,YES,NO,NO,NO,NO,NO,,,,,,,,,,,
Iron Cauldron_downgraded,Do [sword]1 damage|,1,attack(1);,,ODD,,MAGIC,ORANGE,,,,_damage,3,NO,NO,YES,NO,NO,NO,NO,NO,,,,,,,,,,,
Bye Bye!,Run away!,2,if(target.level=6){removestatusself(VAMPIRE| ALL); attackself(target.hp); } else{lee();},,COUNTDOWN,99,SKILLCARD,BLACK,,,,flee,0,NO,NO,NO,NO,NO,NO,NO,NO,,if(target.level==6){e.countdown=99; e.remainingcountdown=99;}else{e.countdown=6+12*target.level; e.remainingcountdown=e.countdown;},,,,,,,inflictself(~reversenexttarget~|1);,,
Paper Cauldron,Do [sword]0 damage[;]|get a new dice,1,attack(0); givedice();,Random Roll,NORMAL,,MAGIC,PURPLE,change_power,change_power,,_magic,0,NO,NO,NO,NO,NO,NO,NO,NO,,,,,,,,,,,
Paper Cauldron_upgraded,Do [sword]0 damage[;] reroll dice|[gray](Reuseable),1,attack(0); givedice();,Random Roll,NORMAL,,MAGIC,PURPLE,,,,_magic,2,NO,NO,NO,NO,NO,NO,NO,NO,,,,,,,,,,,
Paper Cauldron_downgraded,Do [sword]0 damage,1,attack(0);,Random Roll,NORMAL,,MAGIC,PURPLE,,,,_magic,0,NO,NO,NO,NO,NO,NO,NO,NO,,,,,,,,,,,
Don't Stop!,Boost countdowns by [charge]|Take damage to charge,2,boostcountdowns(e.charge); e.charge = 0;,Accelerate,DOUBLES|DOUBLES,,WEAPON,,change_requirements,noeffect,,useitem,0,NO,NO,NO,NO,NO,NO,NO,NO,,,,,,,,,,,
Don't Stop!_upgraded,Boost countdowns by [charge]|Take damage to charge,2,boostcountdowns(e.charge); e.charge = 0;,Accelerate,EVEN,,WEAPON,,,,,useitem,0,NO,NO,NO,NO,NO,NO,NO,NO,,,,,,,,,,,
Loot,Steals [gold]1 gold,1,bonus(1000); self.gold += 1; target.gold -= 1; if(target.gold < 0) target.gold = 0; screenshake();,Harvest,REQUIRE6,,ITEM,,change_power,complicate,,stealgold,0,NO,NO,NO,YES,NO,YES,NO,NO,,,,,,,,,,,
Loot_upgraded,Steals [gold]1 gold ,1,bonus(1000); self.gold += 1; target.gold -= 1; if(target.gold < 0) target.gold = 0; screenshake();,Harvest,MIN5,,ITEM,,,,,stealgold,0,NO,NO,NO,YES,NO,YES,NO,NO,,,,,,,,,,,
